Neutralized SMILES,ATC Codes,predicted_atc4
Cc1ncc(COC(=O)CCC(=O)OCCN(C)C)c(CO)c1O,N06BX,J05AE; J05AR
NC(=O)C(c1ccccc1)(c1ccccc1)[C@@H]1CCN(CCc2ccc3c(c2)CCO3)C1,G04BD,A07AA; A11BA; A12CC; G03AA
C/C(O)=N\\c1ccc(O)cc1,N02BE,L01AA
CC1(C(=O)O)CCC2(C)CCC3(C)C(=CC(=O)C4C5(C)CCC(O)C(C)(C)C5CCC43C)C2C1,R02AA,J05AX; J05AH; R06AA
COC(=O)Nc1nc2ccc(C(=O)c3ccccc3)cc2[nH]1,P02CA,A07AA
CC(C(=O)O)c1ccc(CC2CCCC2=O)cc1,M02AA,L01AX; L01XA
CCOC(=O)c1ccc(O)cc1,D01AE,A10BX
C=C1c2cccc(O)c2C(=O)C2=C(O)[C@]3(O)C(=O)C(C(N)=O)=C(O)[C@@H](N(C)C)[C@@H]3[C@@H](O)[C@H]12,J01AA,L01AD; L01AE; L01AF; S01XA
CCCC1OC2CC3C4CCC5=CC(=O)C=CC5(C)C4C(O)CC3(C)C2(C(=O)CO)O1,R01AD,N02AF; R06AX
C#C[C@]1(O)CC[C@H]2[C@@H]3CCc4cc(O)ccc4[C@H]3[C@@H](OC)C[C@@]21C,G03CB,A08AB
CCN1C[C@@H](CCN2CCOCC2)C(c2ccccc2)(c2ccccc2)C1=O,R07AB,H02BB
CCn1c(=O)c2c(nc(/C=C/c3ccc(OC)c(OC)c3)n2C)n(CC)c1=O,N04CX,A03DA; A03DB
O=C(O)COCCN1CCN([C@H](c2ccccc2)c2ccc(Cl)cc2)CC1,R06AE,A07AA
CC1CC2C3CCC4=CC(=O)C=CC4(C)C3(F)C(O)CC2(C)C1(O)C(=O)CO,A01AC; R01AD; R03DA,A10BA; A10BB; A10BC; A11AA; N07CC
CN1C(=O)/C(=N\\NC(N)=S)c2ccccc21,J05AA,A10AD; A10AK
COP(=O)(OC)C(O)C(Cl)(Cl)Cl,P02BB,A07AA; A07AB; J05AX
CC1CNc2c(cccc2S(=O)(=O)N[C@@H](CCCNC(=N)N)C(=O)N2CC[C@@H](C)C[C@@H]2C(=O)O)C1,B01AE,H01AE
COc1cc(C(C)=O)ccc1OCCCN1CCC(c2noc3cc(F)ccc23)CC1,N05AX,A10BX; A10BM
C1COC(NC(C2CC2)C2CC2)=N1,C02AC,A07AA; A11EF; L04AX; L04XA
OCc1cc([C@@H](O)CNCCCCCCOCCCCc2ccccc2)ccc1O,R03AC,L01BA
CSCC1CN(/N=C/c2ccc([N+](=O)[O-])o2)C(=O)O1,G01AX,J01MA; J01MB
Clc1ccc(CS[C@H](Cn2ccnc2)c2ccc(Cl)cc2Cl)cc1,D01AC,A10BA; D06AX; S01EA
C[C@@H](O)[C@H]1C(=O)N2C(C(=O)O)=C(S[C@@H]3CN[C@H](CNS(N)(=O)=O)C3)[C@H](C)[C@H]12,J01DH,A10BX
O=C(CCCN1CCC(O)(c2ccc(Cl)cc2)CC1)c1ccc(F)cc1,N05AD,A10AX; A10XX
CCN(CC)CCC[C@H](C)Nc1ccnc2cc(Cl)ccc12,P01BA,J01AA
COCc1c(C(=O)OC(C)C)ncc2[nH]c3cccc(Oc4ccc(Cl)cc4)c3c12,N05BX,A10BX; A10BB
O=C(O)/C=C/C(=O)O,B03AA; B03AD; D05AX,A10BA; L01AA
C[C@@H](CCc1ccccc1)NC[C@@H](O)c1ccc(O)c(C(N)=O)c1,C07AG,D07AC; L04AB
CCN1CCC[C@H]1CNC(=O)c1cc(S(N)(=O)=O)ccc1OC,N05AL,L01BC
CC1=NN(c2ccccc2)C(=O)C1,N07XX,L01AE
O=C1Cc2cc(CCN3CCN(c4nsc5ccccc45)CC3)c(Cl)cc2N1,N05AE,A10AX; A10CC; A11AA; L01AB; L04BA; N07BA; R06AB; S01XA; S01XX
CC(N)C12CC3CC(CC(C3)C1)C2,J05AC,J05AF; J05AR; J05BA; J05BB; N06AX
CCCCN(CCCC)CC(O)c1cc(Cl)cc2c1-c1ccc(Cl)cc1/C2=C/c1ccc(Cl)cc1,P01BF,A07EB
CC(C)n1nccc1-c1ncccc1COc1cccc(O)c1C=O,B06AX,L01AX; L02AH
CCOC(=O)C1(c2ccccc2)CCN(C)CC1,N02AB; N02AG,A10BH
CCOC(=O)OC(C)OC(=O)[C@@H]1N2C(=O)[C@@H](NC(=O)[C@H](N)c3ccccc3)[C@H]2SC1(C)C,J01CA; J01CR,A10AX; D07BA; G01AD
COc1cc(N2CCC(N3CCN(C)CC3)CC2)ccc1Nc1ncc(Cl)c(Nc2ccccc2P(C)(C)=O)n1,L01ED,A10BA; A10BB; A10BX
COC(=O)Nc1c(N)nc(-c2nn(Cc3ccccc3F)c3ncc(F)cc23)nc1N,C01DX,A08AA
C[C@H](Cc1ccc(O)c(O)c1)[C@@H](C)Cc1ccc(O)c(O)c1,L01XX,J05AB; J05AF
O=C(CCCc1ccccc1)OCC(COC(=O)CCCc1ccccc1)OC(=O)CCCc1ccccc1,A16AX,G03AX
C#CCN(C)Cc1ccccc1,C02KC; C02LL,A01AD
COC(=O)CCC(=O)CN,L01XD,J05AE; J05AR; J05CA
C[N+](C)(C)C[C@H](O)CC(=O)[O-],A16AA,D10AA; L01AX; S01XA; S01XX
CN[C@@H](C)Cc1ccccc1,N06BA,A10BA; A10BC; J05AH; S01XA
CCCCC(CC)CN1CN(CC(CC)CCCC)CC(C)(N)C1,A01AB; G01AX,A10BB
NC(=O)OCC(COC(N)=O)c1ccccc1,N03AX,A01AC; J01CA; J01CR; J01CR
O=C(Nc1ncc([N+](=O)[O-])s1)c1cccs1,P01AX,D10AC; R06AA
CCc1ccc(CCOc2ccc(CC3SC(=O)NC3=O)cc2)nc1,A10BD; A10BG,M01AC; N05BC
C[C@]1(c2nc3c(C(N)=O)cccc3[nH]2)CCCN1,L01XK,L01EB
COc1ccc(OC)c([C@H](O)CNC(=O)CN)c1,C01CA,J05AK
C=C(CC)C(=O)c1ccc(OCC(=O)O)c(Cl)c1Cl,C03CC,A10AX; A10XB
Nc1ccc(N=Nc2ccccc2)c(N)n1,J01EB,B01AB
CC(CCc1ccccc1)NC(C)C(O)c1ccc(O)cc1,C04AA; G02CA,A10BA; A10BB
CN(C)C(=O)CCCOC(=O)C(C)(C)Oc1ccc(Cl)cc1,C10AB,A01AA
Cc1cccc(C)c1OCC(=O)N[C@@H](Cc1ccccc1)[C@@H](O)C[C@H](Cc1ccccc1)NC(=O)[C@H](C(C)C)N1CCCNC1=O,J05AR,A10BA; A10BX
COc1ccc(OC)c([C@@H](O)CNC(=O)CN)c1,C01CA,A02BC; J01MA; J01MB; J01MF
CN1CCN(C2=c3ccccc3=Nc3ccc(Cl)cc3N2)CC1,N05AH,J05AB
CCCCCCCCCCCCCCCC[N+](C)(C)C,D08AJ; D11AC; R02AA,L01BB; L01XB
Cc1ccccc1[C@@H](OCCN(C)C)c1ccccc1,M03BC; N04AB,A10BB; A10BA
O=C1CC[C@H](N2C(=O)c3ccccc3C2=O)C(=O)N1,L04AX,A10BX
Cc1c(O)cccc1C(=O)N[C@@H](CSc1ccccc1)[C@H](O)CN1C[C@H]2CCCC[C@H]2C[C@H]1C(=O)NC(C)(C)C,J05AE,L01AB
CC(CC1c2ccccc2CCc2ccccc21)CN(C)C,N06AA,J01CA; J01CR; J01CR; J01CR
Cc1ccc2c(Cl)cc(Cl)c(O)c2n1,D08AH; G01AC; P01AA; R02AA,H02AA
CCc1ccc(C(C)CCc2ccc([N+](C)(C)C)cc2)cc1,C10AC,L01BA; S01XX
CC(C[N+](C)(C)C)OC(N)=O,N07AB,J05AF; J05AR
CS(=O)(=O)NC(=O)CCC/C=C\\C[C@H]1C(=O)C[C@@H](O)[C@@H]1/C=C/[C@@H](O)COc1ccccc1,G02AD,A10BB; A10BX
CC(C)NC[C@@H](O)c1ccc(O)c(O)c1,C01CA; R03AB; R03CB,L01AA; L01AF; L01AG; L01AH
CCC1OC(=O)C(C)C(OC2CC(C)(OC)C(O)C(C)O2)C(C)C(OC2OC(C)CC(N(C)C)C2O)C(C)(O)CC(C)C(=NOCOCCOC)C(C)C(O)C1(C)O,J01FA,D07AX; D07CA; D07CD
COc1cc2c(cc1OC)C(=O)C(CC1CCN(Cc3ccccc3)CC1)C2,N06DA,L04AA
CC[C@@H]1[C@@H]2CN(C(=O)[C@H](C(C)(C)C)NC(=O)O[C@@H]3C[C@H]3CCCCC(F)(F)c3nc4ccc(OC)cc4nc3O2)[C@@H]1C(=O)N[C@]1(C(=O)NS(=O)(=O)C2(C)CC2)C[C@H]1C(F)F,J05AP,A03AX
NC(N)=NCCN1CCCCCCC1,C02CC; C02LF; S01EX,A10BF; A10BX
CC(C)N(CC[C@@](C(N)=O)(c1ccccc1)c1ccccn1)C(C)C,C01BA,A07AX
C[C@@H](c1nc(-c2ccc(C#N)cc2)cs1)[C@@](Cn1cncn1)(OCOP(=O)(O)O)c1ccc(F)cc1F,D01BA,J05AX; J05AF
CCc1cc2c(cc1CC)CC(NCC(O)c1ccc(O)c3[nH]c(=O)ccc13)C2,R03AC,C09AA
C[C@]12C=CC(=O)C=C1CC[C@@H]1[C@@H]2C(=O)C[C@@]2(C)[C@H]1CC[C@]2(O)C(=O)CO,A07EA; H02AB,A10BX; A10BH
O=C(O)[C@@H]1O[Sb]2(O)(O[Sb]34(O)O[C@H]([C@H](O)CO)[C@H](O3)[C@H](C(=O)O)O4)O[C@H]([C@H](O)CO)[C@@H]1O2,P01CB,D10AA
CC(=O)OCC(=O)[C@@]1(OC(C)=O)[C@@H](C)C[C@H]2[C@@H]3C[C@H](F)C4=CC(=O)C=C[C@]4(C)[C@@]3(F)[C@@H](O)C[C@@]21C,D07AC,G01AX
CCC(=O)c1ccc2c(c1)N(CC(C)N(C)C)c1ccccc1S2,N05CM,R06AA; S01EX
CC1(C)S[C@@H]2[C@H](NC(=O)C(c3ccccc3)S(=O)(=O)O)C(=O)N2[C@H]1C(=O)O,J01CA,J05AM
CN1C(=O)OC(C)(C)C1=O,N03AC,J01GB
COC(=O)C1=C(C)NC(C)=C(C(=O)OC(C)C)[C@@H]1c1cccc2nonc12,C08CA,A01AD; J01AA
O=C1CC[C@@H](N2C(=O)c3ccccc3C2=O)C(=O)N1,L04AX,A10BA; A10BK; A10CC
CN(C)CCc1c[nH]c2ccc(CC3COC(=O)N3)cc12,N02CC,J05AF
O=c1[nH]sc2cc(Cl)ccc12,D01AE,A03AB; J05AX; R03AA
NC(=O)N1c2ccccc2CC(O)c2ccccc21,N03AF,L01BB
CC(C)CNCCOC(=O)c1cccc(N)c1,N01BA,L01BA; L01BB
CCN(CC)CCS(=O)(=O)C1CCN2C(=O)c3coc(n3)CC(=O)CC(O)C=C(C)C=CCNC(=O)C=CC(C)C(C(C)C)OC(=O)C12,J01FG,A07AB; A10BC
CCN(CC)CCCC(C)Nc1ccnc2cc(Cl)ccc12,P01BA; P01BB,A10BA
Cc1ccc(S(=O)(=O)NCl)cc1,D08AX,A08AB
CCCC1O[C@@H]2C[C@H]3[C@@H]4CCC5=CC(=O)C=C[C@]5(C)[C@H]4[C@@H](O)C[C@]3(C)[C@]2(C(=O)CO)O1,A07EA; D07AC; R01AD; R03AK; R03AL; R03BA,L01AD
C[C@H](O)[C@H](O)[C@H]1CNc2nc(N)[nH]c(=O)c2N1,A16AX,C09AA
CC(C)NC[C@H](O)COc1ccc(CC(N)=O)cc1,C07AB,J01GB
CC(C)N(CCCCOCC(=O)NS(C)(=O)=O)c1cnc(-c2ccccc2)c(-c2ccccc2)n1,B01AC,A10BD
CN(C)CCCOc1nn(Cc2ccccc2)c2ccccc12,A01AD; G02CC; M01AX; M02AA; R02AA; R02AX,A10BX
CCCCC(=O)N(Cc1ccc(-c2ccccc2-c2nnn[nH]2)cc1)[C@H](C(=O)O)C(C)C,C09CA,H02BA
O=C(NC(Cc1ccccc1)c1ccccc1)c1cccnc1,A03AC,A10AX
CS(=O)(=O)c1ccc(-c2cn3ccccc3n2)cc1,A02BX,A10AX; C02AA; G01AF; J01FA; J01XA
O=[N+]([O-])OC1COC2C(O)COC12,C01DA,A01DB
Cc1nc(Nc2ncc(C(=O)Nc3c(C)cccc3Cl)s2)cc(N2CCN(CCO)CC2)n1,L01EA; L01XE,J01FA
CN1C(CCl)Nc2cc(Cl)c(S(N)(=O)=O)cc2S1(=O)=O,C03AA,A10BB
CC(C)[C@@H](C)/C=C/[C@@H](C)[C@H]1CC[C@H]2/C(=C/C=C3\\C[C@@H](O)CC[C@@H]3C)CCC[C@]12C,A11CC,A10AX
CS(=O)(=O)OCCCCOS(C)(=O)=O,L01AB,J01MA; J01SA; J05AH; S01XA
CC[C@]12CCCN3CCc4c(n(c5ccccc45)[C@@](O)(C(=O)OC)C1)[C@@H]32,C04AX,M03AX
CC[C@H](Nc1ncnc2[nH]cnc12)c1nc2cccc(F)c2c(=O)n1-c1ccccc1,L01EM; L01XX,L01EA; L01EB
C[C@H](CCc1ccc(O)cc1)NCCc1ccc(O)c(O)c1,C01CA,D07AX; D07BA; D07CB; D07CC; D07CX; D07FA; D07FB; D07XC; R01AB
CCOC(=O)C1=C(C)NC(C)=C(C(=O)OCC)C1c1ccccc1/C=C/C(=O)OC(C)(C)C,C08CA,L01AA
Cc1ccc(/C(=C\\CN2CCCC2)c2cccc(/C=C/C(=O)O)n2)cc1,R06AX,J05AF; J05AH; J05BH
CCCCC1(COC(=O)CCC(=O)O)C(=O)N(c2ccccc2)N(c2ccccc2)C1=O,M02AA,A07AA; J05AF; J05AR; M01AB
Cc1cccc(C)c1NC(=O)CN1CCN(CCCC(c2ccc(F)cc2)c2ccc(F)cc2)CC1,C08EX,A10BD; L01AA; L01AE; L01AP
COc1ccccc1OCC(O)COC(N)=O,M03BA,L01AX; L01BC
CC(C)[N+]1(C)[C@@H]2CC[C@H]1C[C@@H](OC(=O)C(CO)c1ccccc1)C2,R01AX; R03AL; R03BB,B01AE; B01AA; C01CA; J05AA
CCC1(CC)C(=O)CCNC1=O,R05DB,A10BB; A10BD
[2H]C([2H])([2H])Oc1cc2c(cc1OC([2H])([2H])[2H])C1CC(=O)C(CC(C)C)CN1CC2,N07XX,J05AE
FC(F)O[C@@H](Cl)C(F)(F)F,N01AB,D07AB; R06AB
Cn1c(CCCC(=O)O)nc2cc(N(CCCl)CCCl)ccc21,L01AA,J01FA
Cc1ccc(C(C)C)cc2c(C)ccc1-2,S01XA,A10BA; A10BB; A11AD
CC1(C)SC2C(NC(=O)COc3ccccc3)C(=O)N2C1C(=O)O,J01CE,L01AF
COC(=O)[C@H](c1ccccc1)[C@H]1CCCCN1,N06BA,J05AH; J05AK
Cc1nc(=O)c2cc(CN(C)c3ccc(C(=O)N[C@@H](CCC(=O)O)C(=O)O)s3)ccc2[nH]1,L01BA,A01AA; N02AB
CCCCCCCN(CC)CCCC(O)c1ccc(NS(C)(=O)=O)cc1,C01BD,A10BX
CN(N=O)C(=O)N[C@H]1C(O)O[C@H](CO)[C@@H](O)[C@@H]1O,L01AD,L01BC
O=C(O)CCCC[C@@H]1CCSS1,A16AX,J05AX; J05BA
Clc1ccc(C(c2ccccc2Cl)C(Cl)Cl)cc1,L01XX,G03XA
C=C[C@H]1CN2CC[C@H]1C[C@H]2[C@H](O)c1ccnc2ccc(OC)cc12,M09AA; P01BC,A07AA
CC(C)(C)C(=O)OCOC(=O)[C@@H]1N2C(=O)[C@@H](NC(=O)[C@H](N)c3ccccc3)[C@H]2SC1(C)C,J01CA; J01CR,A10BD; A10BX; N03AC
CC(C)=CCC1C(=O)N(c2ccccc2)N(c2ccccc2)C1=O,M01AX; M02AA,A10BD; A10BF
CCOC(=O)[C@H](CCc1ccccc1)N[C@@H](C)C(=O)N1[C@H](C(=O)O)C[C@@H]2CCC[C@@H]21,C09AA; C09BA; C09BB; C09BX; C10BX,A10BB; A10BX
C#CCN[C@@H]1CCc2ccccc21,N04BD,B07AB; J05AM; R06AX
CN1CCCC(n2nc(Cc3ccc(Cl)cc3)c3ccccc3c2=O)CC1,R01AC; R06AX; S01GX,A07CA; G03AX
CC(C)c1nc(N(C)S(C)(=O)=O)nc(-c2ccc(F)cc2)c1/C=C/[C@@H](O)C[C@@H](O)CC(=O)O,A10BH; C10AA; C10BA; C10BX; G01AE,L01FA
CNC1C(OC2C(OC3C(O)C(O)C(N=C(N)N)C(O)C3N=C(N)N)OC(C)C2(O)C=O)OC(CO)C(O)C1O,J01GA,L01AB
CC1=C2N3[C@@H]4[C@H](CC(N)=O)[C@@]2(C)CCC(=O)NC[C@@H](C)OP(=O)(O)O[C@H]2[C@@H](O)[C@H](O[C@@H]2CO)n2c[n+](c5cc(C)c(C)cc52)[Co-3]325(O)[N+]3=C1[C@@H](CCC(N)=O)C(C)(C)C3=CC1=[N+]2C(=C(C)C2=[N+]5[C@]4(C)[C@@](C)(CC(N)=O)[C@@H]2CCC(N)=O)[C@@](C)(CC(N)=O)[C@@H]1CCC(N)=O,B03BA,L01AF; R06AA; S01XA
CN(C)CCOC(c1ccccc1)c1ccccc1,D04AA; M01AE; N05CM; R06AA,J05AF; J05AR
C[C@@H](C(=O)O)c1cccc(Oc2ccccc2)c1,M01AE,A10AX; J01CA; J05BA
CN(C)[C@@H]1C(O)=C(C(N)=O)C(=O)[C@@]2(O)C(O)=C3C(=O)c4c(O)cccc4[C@@](C)(O)[C@H]3C[C@@H]12,A01AB; A02BD; D06AA; J01AA; J01RA; S01AA; S02AA; S03AA,L01AA
C=C(C)C1CCC(C)=CC1c1c(O)cc(CCCCC)cc1O,N02BG,J01CA; J01CR; J01CR03
CCOC(=S)SSC(=S)OCC,P03AA,R06AA; R06AB; S01ED; S01XA
N=C(N)c1ccc(CNC(=O)[C@@H]2CCN2C(=O)[C@H](NCC(=O)O)C2CCCCC2)cc1,B01AE,L01AD
O=C(O[Ca]OC(=O)[C@H](O)[C@@H](O)[C@H](O[C@@H]1O[C@H](CO)[C@H](O)[C@H](O)[C@H]1O)[C@H](O)CO)[C@H](O)[C@@H](O)[C@H](O)[C@H](O)CO,A12AA,A10BC; D07AB; S01XE
C[N+]1(C)CCC[C@H](OC(=O)C(O)(c2ccccc2)c2ccccc2)C1,A03AB,L01AA
C=CC(N)CCC(=O)O,N03AG,A02AD; L02AA
NCCCCC(NC(=O)[C@@H]1CCCN1C(=O)[C@@H]1CSSC[C@H](N)C(=O)N[C@@H](Cc2ccc(O)cc2)C(=O)N[C@@H](Cc2ccccc2)C(=O)N[C@@H](CCC(N)=O)C(=O)N[C@@H](CC(N)=O)C(=O)N1)C(=O)NCC(N)=O,H01BA,D06AX
Cc1ccccc1N1CCN(CCc2nnc3n2CCCC3)CC1,S01EX,G04BD
CC(NC(C)(C)C)C(=O)c1cccc(Cl)c1,A08AA; N06AX,N02AX; R06AX
O=C(NC[C@@H]1CCCCN1)c1cc(OCC(F)(F)F)ccc1OCC(F)(F)F,C01BC,M01AE; M02BA; R06AA
C=CCC1([C@@H](C)CCC)C(=O)NC(=O)NC1=O,N05CA,L04AA
NCC[C@H](O)C(=O)N[C@@H]1C[C@H](N)[C@@H](O[C@H]2O[C@H](CN)[C@@H](O)[C@H](O)[C@H]2O)[C@H](O)[C@H]1O[C@H]1O[C@H](CO)[C@@H](O)[C@H](N)[C@H]1O,D06AX; J01GB; J01RA; S01AA,M01AA
CN1C(=O)CN=C(c2ccccc2)c2cc([N+](=O)[O-])ccc21,N05CD,A10AX
Cc1cccc(C)c1N(CC(=O)Nc1ccc(-c2ncon2)cc1)C(=O)C1CCS(=O)(=O)CC1,J05AX,N05AF
C=CC1=C(C(=O)O)N2C(=O)[C@@H](NC(=O)/C(=N\\OCC(=O)O)c3csc(N)n3)[C@H]2SC1,J01DD; J01RA,L01AX
N[C@H](Cc1cc(I)c(Oc2cc(I)c(O)c(I)c2)c(I)c1)C(=O)O,C10AX,A07AA
CN(C)CCOC(c1ccc(Cl)cc1)c1ccccn1,R06AA,D10AA; D10AH; S01ED
c1cnc2cc3c(cc2n1)C1CNCC3C1,N07BA; S01XA,C09AA; J05AE
CCC1OC(=O)C(C)C(OC2CC(C)(OC)C(O)C(C)O2)C(C)C(OC2OC(C)CC(N(C)C)C2O)C(C)(O)CC(C)CN(C)C(C)C(O)C1(C)O,J01FA,L02BA
Nc1nc(N)nc(Nc2ccc([As]3SCC(CO)S3)cc2)n1,P01CD,A10BB
C[C@H](C(=O)O)c1ccc2oc(-c3ccc(F)cc3)nc2c1,G02CC; M01AE,C07AA
CC[N+](C)(CC)CCOC(c1ccccc1)c1ccccc1,A03AB,J05AB; J05AH
O=C(O)COCCN1CCN(C(c2ccccc2)c2ccc(Cl)cc2)CC1,R01BA; R06AE; S01GX,L01AA
CC1(C)[C@@H](O[C@H]2O[C@H](C(=O)O)[C@@H](O)[C@H](O)[C@H]2O[C@@H]2O[C@H](C(=O)O)[C@@H](O)[C@H](O)[C@H]2O)CC[C@]2(C)[C@H]3C(=O)C=C4[C@@H]5C[C@@](C)(C(=O)O)CC[C@]5(C)CC[C@@]4(C)[C@]3(C)CC[C@@H]12,A05BA,L01BA
CN1CCOC(c2ccccc2)c2ccccc2C1,N02BG,H02AB; H02CC
C=CCNc1nc(NCC=C)nc(N2CCN(C(c3ccc(F)cc3)c3ccc(F)cc3)CC2)n1,R07AB,G01AB; H02AB
CCCC1CC(C(=O)NC(C(C)Cl)C2OC(SC)C(O)C(O)C2O)N(C)C1,J01FF,A07BX; A07BB; S01FA
CCOC(=O)[C@H](Cc1ccc(F)cc1)NC(=O)[C@@H](N)Cc1ccc(N(CCCl)CCCl)cc1,L01AA,G04AD; H02BA; R06AA; R06CX
CCCC(=O)Nc1ccc(OC[C@@H](O)CNC(C)C)c(C(C)=O)c1,C07AB,D07AC; S01EA
COC(=O)[C@@H]1[C@H]2C[C@H]3c4[nH]c5ccccc5c4CCN3C[C@@H]2CC[C@@H]1O,G04BE,A10BC
CCOC(=O)Nc1ccc2c(c1)N(C(=O)CN(C)C)c1ccccc1CC2,C01EB,D10AX
CCN1CCN(Cc2ccc(Nc3ncc(F)c(-c4cc(F)c5nc(C)n(C(C)C)c5c4)n3)nc2)CC1,L01EF,G01AX; G01BA; S01AA
NCCC[C@@](N)(C(=O)O)C(F)F,D11AX; P01CX,M01AB; M01AF; M01BX; M01BB; R06AX; S01ED
CO[C@]12C[C@@H](COC(=O)c3cncc(Br)c3)CN(C)[C@@H]1Cc1cn(C)c3cccc2c13,C04AE,A04AB; A04AX
CCOC(=O)C(CCc1ccccc1)NC1CCCN2CCCC(C(=O)O)N2C1=O,C09AA,C01CA
COc1nc(N)nc2c1ncn2C1OC(CO)C(O)C1O,L01BB,H02AB
CNCCCC12CCC(c3ccccc31)c1ccccc12,N06AA,L01AA
Fc1ccc(C(c2ccc(F)cc2)N2CCN(C/C=C/c3ccccc3)CC2)cc1,N07CA,J05AB
CC1(C)O[C@@H]2C[C@H]3[C@@H]4C[C@H](F)C5=CC(=O)C=C[C@]5(C)[C@@]4(F)[C@@H](O)C[C@]3(C)[C@]2(C(=O)CO)O1,C05AA; D07AC; D07BC; D07CC; S01BA; S01CA; S02BA; S02CA,L01AD; L01AX
COc1ccc2cc1Oc1cc3c(cc1OC)CC[N+](C)(C)[C@H]3Cc1ccc(cc1)Oc1c(OC)c(OC)cc3c1[C@@H](C2)[N+](C)(C)CC3,M03AA,A10BH
NC(=O)N[C@@H](CCC(=O)O)C(=O)O,A16AA,L01AA
C[N+]1(CC2CC2)[C@@H]2C[C@@H](OC(=O)[C@H](CO)c3ccccc3)C[C@H]1[C@@H]1O[C@@H]12,A03BB,A01AA; A10BD; J04AF; J04AG; N05BC
CC1(C)CC(=O)N(CCCCN2CCN(c3ncccn3)CC2)C(=O)C1,N06AX,J01MA
CC(=O)O[C@H]1C(=O)[C@@]2(C)[C@H]([C@H](OC(=O)c3ccccc3)[C@]3(O)C[C@H](OC(=O)[C@H](O)[C@@H](NC(=O)c4ccccc4)c4ccccc4)C(C)=C1C3(C)C)[C@]1(OC(C)=O)CO[C@@H]1C[C@@H]2O,L01CD,D07AB; D07AX
CC(CN(C)C)CN1c2ccccc2Sc2ccc(C#N)cc21,N05AA,A10AA
CCCc1c2oc(C(=O)O)cc(=O)c2cc2c(=O)cc(C(=O)O)n(CC)c12,R01AC; R03BC; S01GX,A07AA; B02BC
C[C@@H](COc1ccccc1)N(CCCl)Cc1ccccc1,C04AX,L01AA
COc1cc([C@@H]2c3cc4c(cc3[C@@H](O[C@@H]3O[C@@H]5CO[C@@H](c6cccs6)O[C@H]5[C@H](O)[C@H]3O)[C@H]3COC(=O)[C@H]23)OCO4)cc(OC)c1O,L01CB,J05AR
COc1cc2c(cc1OC)[C@H]1C[C@@H](OC(=O)[C@@H](N)C(C)C)[C@H](CC(C)C)CN1CC2,N07XX,J01CA; J05AH; L04AA
Cc1ccc(Nc2nccc(N(C)c3ccc4c(C)n(C)nc4c3)n2)cc1S(N)(=O)=O,L01EX; L01XE,B03AX; A07CB
NS(=O)(=O)c1cc([C@@]2(O)NC(=O)c3ccccc32)ccc1Cl,C03BA,A10BD; A10BK; A10BX; G01AH; L02AB; L03AA; L03AM; S01DA; S01FB
C[C@@H](O[C@H]1OCCN(Cc2n[nH]c(=O)[nH]2)[C@H]1c1ccc(F)cc1)c1cc(C(F)(F)F)cc(C(F)(F)F)c1,A04AD,D10AA; D10AB; D10AX; J01EB
CC(=O)[C@H]1CC[C@H]2[C@@H]3C=CC4=CC(=O)CC[C@@]4(C)[C@@H]3CC[C@]12C,G03DB; G03FA; G03FB,G01AB; J05AH
COC(=O)C1=C(C)NC(C)=C(C(=O)OC2CCN(Cc3ccccc3)C2)C1c1cccc([N+](=O)[O-])c1,C08CA,A10BA
Cn1c(=O)c2c(ncn2C)n(C)c1=O,D11AX; N02BB; N06BC; R03DA,A06AX; A06AM; G01AX; R01EB; R01XA
O=C1CN=C(c2ccccn2)c2cc(Br)ccc2N1,N05BA,A03AC; A03AX; G01AE
CCCCCCCCCCCC,A06AA,D07AA; D10AX
C[C@H](/C=C/[C@H](C)C(C)(C)O)[C@H]1CC[C@H]2/C(=C/C=C3C[C@@H](O)C[C@H](O)C3)CCC[C@]12C,H05BX,C01DB; J05AF; J05AG; J05BA; J05BX
CC(=O)OCC(=O)[C@@]1(O)[C@H](C)C[C@H]2[C@@H]3C=C(C)C4=Cc5c(cnn5-c5ccccc5)C[C@]4(C)[C@H]3[C@@H](O)C[C@@]21C,H02AB,L01BB
CCCCCc1cc(O)c2c(c1)OC(C)(C)[C@@H]1CCC(C)=C[C@@H]21,A04AD,J05AP
CC(=CC(=O)OCCCCCCCCC(=O)O)CC1OCC(CC2OC2C(C)C(C)O)C(O)C1O,R01AX,A10BB
C[C@H]1[C@@H](O)O[C@@H]2O[C@]3(C)CC[C@H]4[C@H](C)CC[C@@H]1[C@]24OO3,P01BE; P01BF,A07CA; D07AA; D07AB; R03BA
COc1cccc(N(C)C(=S)Oc2ccc3c(c2)CCCC3)n1,D01AE,C01FA; C05AD
C[N+]1(C)CCC(=C(c2ccccc2)c2ccccc2)CC1,A03AB; A03CA,A12AX; A12AB
CCc1c(Cl)c(O)c(Cl)c(O)c1C(=O)O[C@H]1[C@H](O)[C@H](OC)[C@H](OC/C2=C\\C=C\\C[C@H](O)/C(C)=C/[C@H](CC)[C@@H](O[C@@H]3OC(C)(C)[C@@H](OC(=O)C(C)C)[C@H](O)[C@@H]3O)/C(C)=C/C(C)=C/C[C@@H]([C@@H](C)O)OC2=O)O[C@@H]1C,A07AA,C09AA
C[C@@H](O)[C@H]1C(=O)N2C(C(=O)O)=C(S[C@@H]3CN[C@H](C(=O)Nc4cccc(C(=O)O)c4)C3)[C@H](C)[C@H]12,J01DH,N07AB
Cc1ccc(Sc2ccccc2N2CCNCC2)c(C)c1,N06AX,H01AE; H01AX
CCC(Br)(CC)C(=O)NC(N)=O,N05CM,A11AA; A11AX; C01AA; C01AR
Cc1ccsc1C(=CCCN1CCCC(C(=O)O)C1)c1sccc1C,N03AG,C01CA
FC(F)OC(F)(F)C(F)Cl,N01AB,L04AA
CO[C@@]1(NC(=O)C(C(=O)O)c2ccc(O)cc2)C(=O)N2C(C(=O)O)=C(CSc3nnnn3C)CO[C@@H]21,J01DD,D01AA
COCC1=C(C(=O)O)N2C(=O)C(NC(=O)C(=NOC)c3csc(N)n3)C2SC1,J01DD,A07AA
CC[N+](C)(CC)CCOC(=O)C(O)(c1cccs1)C1CCCC1,A03AB,J05AB; J05AR; J05BA
Cc1cc2nc3c(=O)[nH]c(=O)nc-3n(C[C@H](O)[C@H](O)[C@H](O)CO)c2cc1C,A11HA; S01XA,A10BX
COc1ccsc1CNCC[C@@]1(c2ccccn2)CCOC2(CCCC2)C1,N02AX,H02AB
Cc1cc(C#N)cc(C)c1Oc1nc(Nc2ccc(C#N)cc2)nc(N)c1Br,J05AG,J01CA; J05AH; J05AX; J05BC
CO[C@H]1/C=C/O[C@@]2(C)Oc3c(C)c(O)c4c(c3C2=O)C2=NC3(CCN(CC(C)C)CC3)NC2=C(NC(=O)/C(C)=C\\C=C\\[C@H](C)[C@H](O)[C@@H](C)[C@@H](O)[C@@H](C)[C@H](OC(C)=O)[C@@H]1C)C4=O,A02BD; J04AB,A01AD; D07AX; D07CC
CC(=O)N1CCN(c2ccc(OCC3COC(Cn4ccnc4)(c4ccc(Cl)cc4Cl)O3)cc2)CC1,D01AC; G01AF; H02CA; J02AB,A10AX
C[C@H](CS)C(=O)N1CCC[C@H]1C(=O)O,C09AA; C09BA,N05AX; N05BD; N05BX
NNCCc1ccccc1,N06AF,D10AA
CC(O)C1C(=O)N2C(C(=O)O)=C(SC3CNC(C(=O)N(C)C)C3)C(C)C12,J01DH,R06AA
Nc1nc(=O)n([C@H]2C[C@H](O)[C@@H](CO)O2)cc1I,D06BB,A07AB; A07CA; G01AX; J01CA; J05AE
C=C[C@H]1C[N@@]2CC[C@H]1C[C@H]2[C@H](O)c1ccnc2ccc(OC)cc12,M09AA; P01BC,D07AX; J04AA; L04AX; L04CA
O=C(O)Cn1c2ccccc2c(=O)c2ccccc21,L03AX,L01BC
Cc1cccc(CN2CCN([C@H](c3ccccc3)c3ccc(Cl)cc3)CC2)c1,R06AE,L01EB
Cc1nnc(SCC2=C(C(=O)O)N3C(=O)C(NC(=O)Cn4cnnn4)C3SC2)s1,J01DB,A10BC
CCC[C@H](NC(=O)[C@@H]1[C@H]2CCC[C@H]2CN1C(=O)[C@@H](NC(=O)[C@@H](NC(=O)c1cnccn1)C1CCCCC1)C(C)(C)C)C(=O)C(=O)NC1CC1,J05AP,A10BG; A10BX
CCC(C(=O)O)C1(O)CCCCC1,A05AX,C08CA
COCCCOc1ccnc(C[S@@+]([O-])c2nc3ccccc3[nH]2)c1C,A02BC,J01ED
O=C1NCCN1c1ncc([N+](=O)[O-])s1,P02BX,A10AA
CC(=O)N(c1onc(C)c1C)S(=O)(=O)c1ccc(N)cc1,G01AE,L01AD; L01XA
O=C1C(=O)c2ncccc2-c2cccnc21,P01AX,R06AX
Cc1ccc(S(=O)(=O)NC(=O)NN2CCCCCC2)cc1,A10BB; G01AE,G04AA
CCCCCCn1c(=O)c2c(ncn2C)n(C)c1=O,C04AD,A11AE
CC(CN(C)C)CN1c2ccccc2CCc2ccccc21,N06AA,J05AB; J05BA
COc1cc2nc(N3CCN(C(=O)C4CCCO4)CC3)nc(N)c2cc1OC,G04CA,A10AA
Cc1c(N)nc([C@H](CC(N)=O)NC[C@H](N)C(N)=O)nc1C(=O)N[C@H](C(=O)N[C@H](C)[C@@H](O)[C@H](C)C(=O)N[C@H](C(=O)NCCc1nc(-c2nc(C(=O)NCCC[S+](C)C)cs2)cs1)[C@@H](C)O)[C@@H](O[C@@H]1O[C@@H](CO)[C@@H](O)[C@H](O)[C@@H]1O[C@H]1O[C@H](CO)[C@@H](O)[C@H](OC(N)=O)[C@@H]1O)c1c[nH]cn1,L01DC,B02BB; J05AX; J05BH; L04AA
NC(CCCN1C(=O)NC(c2ccccc2)(c2ccccc2)C1=O)C(=O)O,N03AB,L02AA
C[S+](C)CC[C@H](N)C(=O)O,A02BX,L01BA
O=c1[nH]cc(F)c(=O)[nH]1,L01BC,L01BB
CCC1(c2ccccc2)C(=O)NCNC1=O,N03AA; N05CB,L01AA
Nc1c(CC(=O)O)cccc1C(=O)c1ccc(Br)cc1,S01BC,L01EB
CN1C(=O)C[C@@](C)(c2ccccc2)C1=O,N03AD,J05AR
CC(C)CN(C[C@@H](OP(=O)(O)O)[C@H](Cc1ccccc1)NC(=O)O[C@H]1CCOC1)S(=O)(=O)c1ccc(N)cc1,J05AE,A10BA; A10BX
C[C@]12CCC(=O)C(O)=C1CC[C@@H]1[C@@H]2CC[C@]2(C)C(=O)CC[C@@H]12,L02BG,A06AB; J01FA; J01FA
CC(N)CCCC(C)(C)O,C01DX; N06BX,A12AB; A12BB; G03BX
CC(C)OC(=O)CCC/C=C\\C[C@@H]1[C@@H](/C=C/C(F)(F)COc2ccccc2)[C@H](O)C[C@@H]1O,S01EE,C07AA
N[C@@H](CC(=O)N1CCc2c(nc(C(F)(F)F)nc2C(F)(F)F)C1)CN1CC(F)(F)CCC1=O,A10BH,A11BB; A11BD
Nc1cc(-c2ccncc2)c[nH]c1=O,C01CE,A10BA; G03DB; L04AX; R06AB; R06AH; S01ED
CC(C)c1nc(CN(C)C(=O)N[C@H](C(=O)N[C@@H](Cc2ccccc2)C[C@H](O)[C@H](Cc2ccccc2)NC(=O)OCc2cncs2)C(C)C)cs1,J05AE; J05AP; J05AR,C01CA; G01AA; L04AX
CC(C)NC[C@H](O)c1ccc(O)c(O)c1,C01CA; R03AB; R03CB,A10BX
COCCCC/C(=N\\OCCN)c1ccc(C(F)(F)F)cc1,N06AB,J05AH
COC(=O)OCOc1c2n(ccc1=O)N([C@@H]1c3ccccc3SCc3c1ccc(F)c3F)[C@@H]1COCCN1C2=O,J05AX,A02AD; A07EA; A10BG; A10BA
CNC(=O)c1cc(Oc2ccc(NC(=O)Nc3ccc(Cl)c(C(F)(F)F)c3)cc2)ccn1,L01EX; L01XE,H01AA
Nc1ccn(C[C@@H](CO)OCP(=O)(O)O)c(=O)n1,J05AB,A07AA
COc1cc2nc(N(C)CCCNC(=O)C3CCCO3)nc(N)c2cc1OC,G04CA,A10AD; A10BA
c1cc(CN2CCCNCCNCCCNCC2)ccc1CN1CCCNCCNCCCNCC1,L03AX,L01AB
C[C@H]1CNC(=O)c2cnn3ccc(nc23)N[C@H](C)c2cc(F)ccc2O1,L01EX,N07BA; R06AX
C#C[C@]1(O)CC[C@H]2[C@@H]3CCC4=CC(=O)CC[C@]4(C)[C@H]3CC[C@@]21C,G03DC,L01AE
[NH-]c1c[n+](N2CCOCC2)no1,C01DX,A10BA; G01AF; J01DB; J01DX
O=C(C(Cl)Cl)N(CCO)Cc1ccc(Oc2ccc([N+](=O)[O-])cc2)cc1,L01AA; P01AC,A08AA; A08AB; D07AX; D07XB
N[C@@H](Cc1ccc(O)c(O)c1)C(=O)O,N04BA,M01AB; M05BA; M05BX; M06AB
C[C@H]1C[C@H]2[C@@H]3CCC4=CC(=O)C=C[C@]4(C)[C@@]3(F)C(=O)C[C@]2(C)[C@@]1(O)C(=O)CCl,D07AB; S01BA; S01CA,A10BA
Cc1cn([C@H]2C[C@H](N=[N+]=[N-])[C@@H](CO)O2)c(=O)[nH]c1=O,J05AF; J05AR,H02CA
CC(C)C[C@H](NC(=O)[C@@H]1CSSC[C@@H]2NC(=O)[C@H](CC(C)C)NC(=O)[C@H](CCC(=O)O)NC(=O)[C@@H](NC(=O)[C@H](CCC(=O)O)NC(=O)[C@H](CC(=O)O)NC(=O)[C@@H](N)CC(N)=O)CSSC[C@H](NC(=O)[C@H](C)NC(=O)[C@H](C(C)C)NC(=O)[C@H](CC(N)=O)NC(=O)[C@H](C(C)C)NC2=O)C(=O)N[C@@H]([C@@H](C)O)C(=O)NCC(=O)N1)C(=O)O,A06AX,A02BC
CC1(Cn2ccnn2)C(C(=O)O)N2C(=O)CC2S1(=O)=O,J01CR,L01AA
CN/C(=N\\CCSCc1nc[nH]c1C)NC#N,A02BA,A10AX
O=c1[nH]c2cc(Cl)ccc2o1,M03BB,J05AB; J05AR; J05AR
CCC(NC(C)C)C(O)c1ccc(O)c2[nH]c(=O)ccc12,R03AC; R03CC,D10AX; D10AR; H02CB; R03DB
CCCCCN(C)CCC(O)(P(=O)(O)O)P(=O)(O)O,M05BA; M05BB,A07BA; A07BB
N#Cc1ccnc(N2C(=O)CC[C@H]2C(=O)N(c2cncc(F)c2)[C@H](C(=O)NC2CC(F)(F)C2)c2ccccc2Cl)c1,L01XX,L01AA
CS(=O)(=O)c1ccc(C(O)C(CO)NC(=O)C(Cl)Cl)cc1,R05CZ,L01BB
CN1CC[C@]23c4c5ccc(O)c4O[C@H]2C(=O)CC[C@H]3[C@H]1C5,N02AA; N02AG,C01CA; D06BX; D07AC
CCC1OC(=O)C(C)C(OC2CC(C)(OC)C(O)C(C)O2)C(C)C(OC2OC(C)CC(N(C)C)C2O)C(C)(O)CC(C)C(=O)C(C)C(O)C1(C)O,J01FA,H01BB
Cc1ccccc1-n1c(C)nc2ccccc2c1=O,N05CM; N05CX,J05AC; J05AF; L01AX
C[C@H](CCC(=O)O)[C@H]1CC[C@H]2[C@@H]3[C@@H](O)C[C@@H]4C[C@H](O)CC[C@]4(C)[C@H]3CC[C@]12C,A05AA,H02CA; H02XX
O=C(O)CNc1cccc(CN(Cc2ccc(-n3cccn3)cc2)S(=O)(=O)c2cccnc2)n1,S01EX,A10BB
CCOC(=O)c1ccc(C#Cc2ccc3c(c2)C(C)(C)CCS3)nc1,D05AX,A10AX; A10BX
NNc1nncc2ccccc12,C02DB; C02LG,A02AD; A06AX; D07AC
CC1=C(C/C=C(\\C)CCC[C@H](C)CCC[C@H](C)CCCC(C)C)C(=O)c2ccccc2C1=O,B02BA,A10BB; A10BH; G01AA
Cn1c(Cn2ccc(C(F)(F)F)c(Oc3cc(Cl)cc(C#N)c3)c2=O)n[nH]c1=O,J05AG; J05AR,A10BG; A10BX
CN(C)CCN(Cc1cccs1)c1ccccn1,R06AC,G03AX
CCCS(=O)(=O)N[C@H]1C[C@@H](N(C)c2ncnc3[nH]ccc23)C1,D11AH,A07AB; A07AH
OC(c1cc(C(F)(F)F)nc2c(C(F)(F)F)cccc12)C1CCCCN1,P01BC; P01BF,A10AA; D06AX; D06BB
CC(=O)O[C@H]1C[C@@H]2CC[C@@H]3[C@H](CC[C@@]4(C)[C@H]3C[C@H]([N+]3(C)CCCCC3)[C@@H]4OC(C)=O)[C@@]2(C)C[C@@H]1[N+]1(C)CCCCC1,M03AC,A07AA; J01DB
CON=C(C(=O)NC1C(=O)N2C(C(=O)O)=C(CSc3nc(=O)c(=O)[nH]n3C)CSC12)c1csc(N)n1,J01DD,B05BA; R03AA
CC12CCC3c4ccc(O)cc4CC(CCCCCCCCC[S+]([O-])CCCC(F)(F)C(F)(F)F)C3C1CCC2O,L02BA,A10BA; A10BB; A10BD; L01ED
CC1(C)SC2C(NC(=O)C(N)c3ccc(O)cc3)C(=O)N2C1C(=O)O,J01CA,L01AB
COc1ccc2c(c1)N(CC(C)CN(C)C)c1ccccc1S2,N05AA,M01AE; M01XR
CN1C2CC(OC(=O)C(CO)c3ccccc3)CC1C1OC12,A04AD,A07AB
COC(=O)Nc1nc2cc(C(=O)c3ccc(F)cc3)ccc2[nH]1,P02CA,A01AA
NC[C@H]1O[C@H](O[C@H]2[C@H](O)[C@@H](O[C@H]3O[C@H](CO)[C@@H](O)[C@H](N)[C@H]3O)[C@H](N)C[C@@H]2N)[C@H](O)[C@@H](O)[C@@H]1O,A07AA; J01GB; S01AA,M01AA; M01BA
CNC1C(O)C(NC)C2OC3(O)C(=O)CC(C)OC3OC2C1O,J01XX,C01BA; C01BX
CC[C@H]1OC(=O)[C@@](C)(F)C(=O)[C@H](C)[C@@H](O[C@@H]2O[C@H](C)C[C@H](N(C)C)[C@H]2O)[C@](C)(OC)C[C@@H](C)C(=O)[C@H](C)[C@H]2N(CCCCn3cc(-c4cccc(N)c4)nn3)C(=O)O[C@]12C,J01FA,A02AA; A10BH
O=C(Nc1nc2cccc(-c3ccc(CN4CCS(=O)(=O)CC4)cc3)n2n1)C1CC1,L04AA; L04AF,N07AA; N07AF
CC(C)[C@@H](C)[C@@]1(C)CC[C@]2(C)[C@H]3CC[C@@H]4[C@@]5(COC[C@@]4(C)[C@@H](OC[C@](C)(N)C(C)(C)C)[C@H](n4ncnc4-c4ccncc4)C5)C3=CC[C@@]2(C)[C@@H]1C(=O)O,J02AX,J01CA; J01FA
CC[C@H]1OC(=O)[C@H](C)[C@@H](O[C@H]2C[C@@](C)(OC)[C@@H](O)[C@H](C)O2)[C@H](C)[C@@H](O[C@@H]2O[C@H](C)C[C@H](N(C)C)[C@H]2O)[C@](C)(O)C[C@](C)(F)C(=O)[C@H](C)[C@@H](O)[C@]1(C)O,J01FA,J05AB; J05CB; J05XA
Cc1ccc(N(CC2=NCCN2)c2cccc(O)c2)cc1,C04AB,J01FA
CCC1(C)CC(=O)NC(=O)C1,R07AB,J01AA
CCN(CC)CCNC(=O)c1c(C)[nH]c(C=C2C(=O)Nc3ccc(F)cc32)c1C,L01XE,J01CA; J05AF
CCC(=O)O[C@]1(C(=O)CCl)[C@@H](C)C[C@H]2[C@@H]3C[C@H](F)C4=CC(=O)C=C[C@]4(C)[C@@]3(F)[C@@H](O)C[C@@]21C,D07AC,A10BA; A10BH
Nc1ccc(C(=O)O)c(O)c1,J04AA,L01AB
COc1cc2nc(N3CCN(C(=O)[C@H]4CCCO4)CC3)nc(N)c2cc1OC,G04CA,A07FA
CNC1=Nc2ccc(Cl)cc2C(c2ccccc2)=[N+]([O-])C1,N05BA,D10AX; D10AF
CCN1CCN(C(=O)N[C@@H](C(=O)N[C@]2(OC)C(=O)N3C(C(=O)O)=C(CSc4nnnn4C)CS[C@@H]32)[C@H](C)O)C(=O)C1=O,J01DC,C07AA
COc1cccc2c1C(=O)c1c(O)c3c(c(O)c1C2=O)C[C@@](O)(C(=O)CO)C[C@@H]3O[C@H]1C[C@H](N)[C@H](O[C@@H]2CCCCO2)[C@H](C)O1,L01DB,L01AA
CC1(C)S[C@@H]2[C@H](NC(=O)C3(N)CCCCC3)C(=O)N2[C@H]1C(=O)O,J01CR,J01AD; J01XA
C/C(=C(\\CCOC(=O)C(C)C)SS/C(CCOC(=O)C(C)C)=C(/C)N(C=O)Cc1cnc(C)nc1N)N(C=O)Cc1cnc(C)nc1N,A11DA,A10BD; A10BH
CN1CCN2c3ccccc3Cc3ccccc3C2C1,N06AX,L01ED; L01XE
C=CC[C@@]1([C@@H](C)C#CCC)C(=O)NC(=O)N(C)C1=O,N01AF; N05CA,L01AA
O=C(O)c1cccnc1Nc1cccc(C(F)(F)F)c1,M01AX; M02AA,A10BA; J01ED
C=NC(C(=O)NC1C(=O)N2C1SC(C)(C)C2C(=O)O)c1ccccc1,J01CA,A07DA
OC[C@H]1O[C@@H](n2cnc3c2N=CNC[C@H]3O)C[C@@H]1O,L01XX,M05AX
COc1ncnc(NS(=O)(=O)c2ccc(N)cc2)c1OC,G01AE; P01BF,A10BC
CCCCN(CCCC)CCNc1nc(-c2ccccc2)no1,C04AX,D10AA; D10AE
CCn1c(=O)c(-c2cc(NC(=O)Nc3ccccc3)c(F)cc2Br)cc2cnc(NC)cc21,L01EX,A02AA; A02AB
C[C@H](N)[C@H](O)c1cccc(O)c1,C01CA,L01BC
Fc1ccc(C2CCNCC2COc2ccc3c(c2)OCO3)cc1,N06AB,C07AA; D06BX; J05AF; R06AX
CNC1CCC(c2ccc(Cl)c(Cl)c2)c2ccccc21,N06AB,L01AA
COC(=O)[C@H]1[C@H]2C[C@@H]3c4[nH]c5cc(OC)ccc5c4CCN3C[C@H]2C[C@@H](OC(=O)C=Cc2cc(OC)c(OC)c(OC)c2)[C@@H]1OC,C02AA; C02LA,D06AA
CO/N=C1\\C[C@]2(C[C@@H]3C[C@@H](C/C=C(\\C)C[C@@H](C)/C=C/C=C4\\CO[C@@H]5[C@H](O)C(C)=C[C@@H](C(=O)O3)[C@]45O)O2)O[C@H](/C(C)=C/C(C)C)[C@H]1C,P02CX,J01AA; J01AF; J05AF; J05AR
CN(C)CCO[C@@H](c1ccc(Cl)cc1)c1ccccn1,R06AA,D07AX; D07AH
Cc1cc(O)c(C(=O)N[C@@H](C(=O)N[C@@H]2C(=O)N3C(C(=O)O)=C(CSc4nnnn4C)CS[C@H]23)c2ccc(O)cc2)cn1,J01DD,A10BA; A10BX
Cc1cc(/C=C/C#N)cc(C)c1Nc1ccnc(Nc2ccc(C#N)cc2)n1,J05AG; J05AR,A12AX; A12BC; A12BB; J05AC; S01EA
CCCCS(=O)(=O)N[C@@H](Cc1ccc(OCCCCC2CCNCC2)cc1)C(=O)O,B01AC,A10BA; J01EB; L03AA; S01XA; S01XX
CC(C)OC(=O)[C@H](C)N[P@](=O)(OC[C@H]1O[C@@H](n2ccc(=O)[nH]c2=O)[C@](C)(F)[C@@H]1O)Oc1ccccc1,J05AP; J05AX,L01AA; L01XM
O=C(N/N=C/C=C/c1ccc([N+](=O)[O-])o1)c1ccc([N+](=O)[O-])s1,A07AX,M05AA; J01BA; N05BX
CC[N+](CC)(CCNC(=O)C(=O)NCC[N+](CC)(CC)Cc1ccccc1Cl)Cc1ccccc1Cl,N07AA,J01CA
COCCc1ccc(OC[C@H](O)CNC(C)C)cc1,C07AB,R06AA; R06AE; R06AH; R06AX
CCN1CCC[C@H]1CNC(=O)c1c(OC)ccc(Br)c1OC,N05AL,L01EX
CCCCCCO[C@@H](C)c1cccc(-c2csc(NC(=O)c3cc(Cl)c(/C=C(\\C)C(=O)O)c(Cl)c3)n2)c1OC,B02BX,C01AA; D06AA; S01EA; S01FA
CC[Si](O)(O)CC,A03AX,J05AB
CC(=O)Oc1cc2c(s1)CCN(C(C(=O)C1CC1)c1ccccc1F)C2,B01AC,L01AC
C=CCC1(C(C)C)C(=O)NC(=O)NC1=O,N05CA,D10AA
CC(C)C[C@H](NC(=O)[C@@H](Cc1ccc2ccccc2c1)NC(=O)[C@H](Cc1ccc(O)cc1)NC(=O)[C@H](CO)NC(=O)[C@H](Cc1c[nH]c2ccccc12)NC(=O)[C@H](Cc1c[nH]cn1)NC(=O)[C@@H]1CCC(=O)N1)C(=O)N[C@@H](CCCNC(=N)N)C(=O)N1CCC[C@H]1C(=O)NCC(N)=O,H01CA,A10BD
Clc1ccc(COC(Cn2ccnc2)c2ccc(Cl)cc2Cl)cc1,D01AC; G01AF,C07AA
NC(=O)N/N=C/c1ccc([N+](=O)[O-])o1,B05CA; D08AF; D09AA; P01CC; S01AX; S02AA,J05AB; J05AH; J05AK; J05AX; J05CC; J05EA; J05EF; J05EX; J05FA; J05FX
Nc1ncnc2c1ncn2C1OC(CO)C(O)C1O,J06BB,D07AC; R06AX
Nc1c2c(nc3ccccc13)CCCC2,N06DA,A10BA
Cc1nnc(C(=O)NC(C)(C)c2nc(/C(O)=N/Cc3ccc(F)cc3)c(O)c(=O)n2C)o1,J05AX,A11BA; A11BB
CCNC(=O)[C@@H]1CCCN1C(=O)[C@H](CCCNC(=N)N)NC(=O)[C@H](CC(C)C)NC(=O)[C@@H](Cc1cn(Cc2ccccc2)cn1)NC(=O)[C@H](Cc1ccc(O)cc1)NC(=O)[C@H](CO)NC(=O)[C@H](Cc1c[nH]c2ccccc12)NC(=O)[C@H](Cc1c[nH]cn1)NC(=O)[C@@H]1CCC(=O)N1,L02AE,A10BA; G01AB; L04AB; N03AX
Oc1ccc2c(c1)[C@@]13CCCC[C@@]1(O)[C@@H](C2)N(CC1CCC1)CC3,N02AF,C07AB
C[C@H](S)C(=O)NCC(=O)O,R05CB,A03AA; D01AA
Cc1cc(C)c(Nc2ccnc(Nc3ccc(C#N)cc3)n2)c(C)c1,G01AX,C07AA; D11AX; N05AB; N05CD; N05DX; R06AA
CC/C(=C(/CC)c1ccc(O)cc1)c1ccc(O)cc1,G03CB; G03CC; L02AA,J05AH; J05AD
CCN(CCO)CCn1c(Cc2ccccc2)nc2c1c(=O)n(C)c(=O)n2C,R03DA,J05AB
C[N@+]1(CC2CC2)CC[C@]23c4c5ccc(O)c4O[C@H]2C(=O)CC[C@@]3(O)[C@H]1C5,A06AH,A01AA; A01AA; J05AF; R06AB; R06AL; S01ED
C/C(=C\\C(=O)OCCCCCCCCC(=O)O)C[C@@H]1OC[C@H](C[C@@H]2O[C@H]2[C@@H](C)[C@H](C)O)[C@@H](O)[C@H]1O,D06AX; R01AX,G01AA
CC1(C)S[C@@H]2[C@H](/N=C/N3CCCCCC3)C(=O)N2[C@H]1C(=O)O,J01CA,N07BA; N07BX
S=c1nc[nH]c2nc[nH]c12,L01BB; R03DA,A07AA; J01FA
CCC1(C)OC(=O)N(C)C1=O,N03AC,D06AA; D06AE; L04BB
COc1ccc(C2Sc3ccccc3N(CCN(C)C)C(=O)C2OC(C)=O)cc1,C08DA,G01AA
CC(=O)c1cc2cccc(OCC(O)CNC(C)C)c2o1,S01ED,J01CA; J01CB
C[C@@H](CN1c2ccccc2Sc2ccccc21)N(C)C,D04AA; R06AD,A10AA; A10AX
C[C@@H]1COc2c(N3CCN(C)CC3)c(F)cc3c(=O)c(C(=O)O)cn1c23,J01MA; S01AE; S02AA,L01AA; L01AH; L01CX
CC(=O)CC(c1ccc([N+](=O)[O-])cc1)c1c(O)c2ccccc2oc1=O,B01AA,A07CB
COc1cccc(C2(O)CCCCC2CN(C)C)c1,N02AJ; N02AX,J01CA
Nc1ncnc2c1ncn2[C@@H]1O[C@H](CO)[C@@H](O)[C@@H]1O,J05AB; S01AD,J05AF
C[C@@H](NCCCc1cccc(C(F)(F)F)c1)c1cccc2ccccc12,H05BX,G03AD; J04AX
CC[C@H](C)C[C@H](C)CCCCCCCCC(=O)N[C@H]1C[C@@H](O)[C@@H](NCCN)NC(=O)[C@@H]2[C@@H](O)CCN2C(=O)[C@H]([C@H](O)CCN)NC(=O)[C@H]([C@H](O)[C@@H](O)c2ccc(O)cc2)NC(=O)[C@@H]2C[C@@H](O)CN2C(=O)[C@H]([C@@H](C)O)NC1=O,J02AX,H01AA
CCCOC(=O)c1sc(C(=O)OCCC)c(O)c1O,G01AX,G01AD; J01FA
Cn1c(=O)c2c(ncn2CCCNCC(O)c2cc(O)cc(O)c2)n(C)c1=O,R03AC; R03CC,L01BB; L01BX; L01CB; L01GB
CCCCOc1cc(C(=O)OCCN(CC)CC)ccc1N,D04AB; S01HA,L01AE
COCC1=C(C(=O)O)N2C(=O)[C@@H](NC(=O)/C(=N\\OC)c3csc(N)n3)[C@H]2SC1,J01DD,A02AX; A02AB; A02BD; L01AA; L01CC; L01BA
O=c1[nH]c(=O)n(C2CC(O)C(CO)O2)cc1C=CBr,J05AB,G03AD; G03FA
COCCCN1CCC(NC(=O)c2cc(Cl)c(N)c3c2OCC3)CC1,A03AE; A06AX,L01AA
CC[C@H]1OC(=O)[C@H](C)[C@@H](O[C@H]2C[C@@](C)(OC)[C@@H](O)[C@H](C)O2)[C@H](C)[C@@H](O[C@@H]2O[C@H](C)C[C@H](N(C)C)[C@H]2O)[C@](C)(O)C[C@@H](C)CN(C)[C@H](C)[C@@H](O)[C@]1(C)O,J01FA; J01RA; S01AA,J05AF; J05AB
C1CCN2C[C@@H]3C[C@@H](CN4CCCC[C@@H]34)[C@H]2C1,C01BA,A07AA; A07FA
CC1(C)S[C@@H]2[C@H](NC(=O)[C@H](N)c3ccccc3)C(=O)N2[C@H]1C(=O)OCOC(=O)[C@@H]1N2C(=O)C[C@H]2S(=O)(=O)C1(C)C,J01CR,M01AG; M01AB
O=C1CN=C(c2ccccc2)c2cc([N+](=O)[O-])ccc2N1,N05CD,H01CA
c1ccc(-c2ccc(C(c3ccccc3)n3ccnc3)cc2)cc1,D01AC,J05AX; J05AF
COc1ccc(C[C@@H](C)NC[C@@H](O)c2ccc(O)c(NC=O)c2)cc1,R03AC,L01AA; L01AF
CCC(CO[N+](=O)[O-])(CO[N+](=O)[O-])CO[N+](=O)[O-],C01DA,M03AB; M03AD
CC(=O)O[C@]1(C(C)=O)CC[C@H]2[C@@H]3C=C(C)C4=CC(=O)CC[C@]4(C)[C@H]3CC[C@@]21C,G03AC; G03DB; L02AB,A10BD; A10BX
CC1(C)SC2C(NC(=O)C(N)c3ccccc3)C(=O)N2C1C(=O)O,J01CA,A07AB; A07BA; L01BB
O=C(Cn1ccnc1[N+](=O)[O-])NCc1ccccc1,P01CA,L01AA; L01AF; L01CX
OC[C@H]1O[C@@](CO)(O[C@H]2O[C@H](CO)[C@@H](O)[C@H](O)[C@H]2O)[C@@H](O)[C@@H]1O,B03AB,M01AB
O=C1CC2(CCCC2)CC(=O)N1CCCCN1CCN(c2ncccn2)CC1,N05BE,A10BD
C/C=C/C1=C(C(=O)O)N2C(=O)[C@@H](NC(=O)[C@H](N)c3ccc(O)cc3)[C@H]2SC1,J01DC,J01CA; J01CR
COc1cc(Br)c(C[N+]2(CCOCCC3CCC4CC3C4(C)C)CCOCC2)cc1OC,A03AX,M01AC
CC1C(NC(=O)C(=NOC(C)(C)C(=O)O)c2csc(N)n2)C(=O)N1S(=O)(=O)O,J01DF,H01AD; L04AB; L04BD; L04BA
CN(C)CC[C@H](c1ccc(Br)cc1)c1ccccn1,R06AB,L01AA
COC(=O)N[C@H](C(=O)N1CCC[C@H]1c1nc(-c2ccc3c(c2)O[C@@H](c2ccccc2)n2c-3cc3cc(-c4c[nH]c([C@@H]5CCCN5C(=O)[C@@H](NC(=O)OC)C(C)C)n4)ccc32)c[nH]1)C(C)C,J05AP,G01AE; G01AF
CNCCc1ccccn1,N07CA,A04AA; A04BA; R01AB; R06AA
CC(=O)c1ccc2c(c1)N(CCCN1CCN(CCO)CC1)c1ccccc1S2,N05AB,C01AA; C01BA
OCc1cc([C@@H](O)CNCCCCCCOCCOCc2c(Cl)cccc2Cl)ccc1O,R03AK; R03AL,L01EB
COc1ccc(Cl)cc1C(=O)NCCc1ccc(S(=O)(=O)/N=C(\\O)NC2CCCCC2)cc1,A10BB,A10BB; A10BD; A10BX; R06AA; S01XA
CC(=O)NC[C@H]1CN(c2ccc(N3CCOCC3)c(F)c2)C(=O)O1,J01XX,J05AA
CN(C)CCOC(=O)C(c1ccccc1)C1(O)CCCC1,S01FA,A07CC; A07CX
CCOc1ccc(NC(=O)CC(C)O)cc1,N02BE,A11BB; A11BX
COc1ccc(-c2cc(=O)c3c(OCCO)cc(O[C@@H]4O[C@H](CO[C@@H]5O[C@@H](C)[C@H](O)[C@@H](O)[C@H]5O)[C@@H](O)[C@H](O)[C@H]4O)cc3o2)cc1O,C05CA,C07AC; D06AX
CCOC(=O)[C@H](CCc1ccccc1)N[C@@H](C)C(=O)N1Cc2cc(OC)c(OC)cc2C[C@H]1C(=O)O,C09AA; C09BA,A10BD; A10BG; L01AB
CCCCC[C@H](O)/C=C/[C@H]1[C@H](O)CC(=O)[C@@H]1CCCCCCC(=O)O,C01EA; G04BE,A10BX
CC1COC2(c3ccccc3Cl)c3cc(Cl)ccc3NC(=O)CN12,N05BA,J01FA
Nc1nc(=S)c2[nH]cnc2[nH]1,L01BB,A07AB; B01AC; D07AC; D07AX; N02BC; N07BA
C=CC(=O)N1CCC[C@@H](n2nc(-c3ccc(Oc4ccccc4)cc3)c3c(N)ncnc32)C1,L01EL; L01XE,A10BG
Clc1ccc([C@@H](Cn2ccnc2)OCc2ccsc2Cl)c(Cl)c1,D01AC; G01AF,L01AA
Cn1cnc([N+](=O)[O-])c1Sc1ncnc2[nH]cnc12,L04AX,A03AX; J05AF; R06AD
O=C(COc1ccc(Cl)cc1)N1CCN(Cc2ccc3c(c2)OCO3)CC1,N06BX,A10BB
OC[C@@H](O)[C@@H](O[C@@H]1O[C@H](CO)[C@H](O)[C@H](O)[C@H]1O)[C@H](O)[C@@H](O)CO,A06AD,B01AA; A10BA; G01AB
CN(CCO)CC(O)Cn1cnc2c1c(=O)n(C)c(=O)n2C,C04AD,A10AX
CN1CCC23c4c5ccc(O)c4OC2C(=O)CCC3C1C5,N02AA,J01AA
O=C(O)CCCCCCCC(=O)O,D10AX,J05AB
C[N+](C)(C)CCOC(N)=O,N07AB; S01EB,A10BD; A10BC; A10BB; A10BX
COC(=O)C1=C(C)NC(C)=C(C(=O)OCCN(C)Cc2ccccc2)[C@H]1c1cccc([N+](=O)[O-])c1,C08CA,L01BC
Nc1nc(=O)c2c(CCc3ccc(C(=O)N[C@@H](CCC(=O)O)C(=O)O)cc3)c[nH]c2[nH]1,L01BA,A10BA; A10BB; R06AA
NC(=O)C[S@+]([O-])C(c1ccccc1)c1ccccc1,N06BA,J05AH
CCC1=CC2CN(C1)Cc1c([nH]c3ccccc13)C(C(=O)OC)(c1cc3c(cc1OC)N(C)C1C(O)(C(=O)OC)C(OC(C)=O)C4(CC)C=CCN5CCC31C54)C2,L01CA,J05AX
N[C@H]1C[C@H]1c1ccccc1,N06AF,C09AA; C09BA; D01AC
CO[C@@H]1[C@H](OC(=O)/C=C/C=C/C=C/C=C/C(=O)O)CC[C@]2(CO2)[C@H]1[C@@]1(C)O[C@@H]1CC=C(C)C,P01AX,N07BA
[2H]C([2H])([2H])Oc1cc2c(cc1OC([2H])([2H])[2H])[C@@H]1CC(=O)[C@@H](CC(C)C)CN1CC2,N07XX,A10BA; A10BX; S01EA; S01EX; S01XA
OCC1COC(CI)O1,R05CB,A07AA; D07AA; J05AH; L04AA; S01ED
O=C1CN=C(c2ccccc2)c2cc(Cl)ccc2N1,N05BA,L04AA
NS(=O)(=O)c1cc([C@]2(O)NC(=O)c3ccccc32)ccc1Cl,C03BA,A10BX; S01ED
Clc1ccc([C@H](c2ccccc2Cl)C(Cl)Cl)cc1,L01XX,L01BA; L01BX
CC(C)[N+](C)(CCC(C(N)=O)(c1ccccc1)c1ccccc1)C(C)C,A03AB; A03CA,A11AK
CCCC(C)C1(CC)C(=O)NC(=O)NC1=O,N05CA; N05CB,C07AA
C=CCC1(C(C)CCC)C(=O)NC(=S)NC1=O,N05CB,L01BA; L01BB
CC(=O)c1nn(CC(=O)N2C[C@H](F)C[C@H]2C(=O)Nc2cccc(Br)n2)c2ccc(-c3cnc(C)nc3)cc12,L04AJ,H02AA; N05AX; R06AX; S01EA; S01EX; S01GX; S01HA; S01HB; S01XA
CC(C)C[C@@H](NC(=O)[C@@H](Cc1ccccc1)NC(=O)[C@H](N)Cc1ccccc1)C(=O)N[C@H](CCCCN)C(=O)N1CCC(N)(C(=O)O)CC1,V03AX,A10BX
CO[C@H](C(=O)[C@@H](O)[C@@H](C)O)[C@@H]1Cc2cc3cc(O[C@H]4C[C@@H](O[C@@H]5C[C@@H](O)[C@H](O)[C@@H](C)O5)[C@H](O)[C@@H](C)O4)c(C)c(O)c3c(O)c2C(=O)[C@H]1O[C@H]1C[C@@H](O[C@@H]2C[C@@H](O)[C@@H](O[C@@H]3C[C@](C)(O)[C@H](O)[C@@H](C)O3)[C@@H](C)O2)[C@H](O)[C@@H](C)O1,L01DC,A01BD; A01BA; A07EA
CN(N=O)C(=O)N[C@@H](C=O)[C@@H](O)[C@H](O)[C@H](O)CO,L01AD,R06AA; J01EB
C[N+](C)([O-])CCCN1c2ccccc2CCc2ccccc21,N06AA,A10AX; D06AB
CN(C)CCOc1ccc(/C(=C(/CCCl)c2ccccc2)c2ccccc2)cc1,L02BA,A10BA; A10BB; D01AA; G01AE; M03AX; N06AX; N06CB; N06EA; S01AA; S01AB
CC1(C)O[C@@H]2C[C@H]3[C@@H]4C[C@H](F)C5=CC(=O)CC[C@]5(C)[C@H]4[C@@H](O)C[C@]3(C)[C@]2(C(=O)CO)O1,D07AC; D07CC,L01BB; L01BX; L01CB; L01CQ
CCN(CC)CCC[C@@H](C)Nc1ccnc2cc(Cl)ccc12,P01BA,L01AX
COc1cc(NC(C)CCCN)c2ncccc2c1,P01BA,A11AX; A11AH; A12AA; A12BB; J01MA; J01XA; J05AF
CN1C(=O)NC(=O)C(C)(C2=CCCCC2)C1=O,N01AF; N05CA,G03DB; L04AA
CC(C)N=C(N)N=C(N)Nc1ccc(Cl)cc1,P01BB,L01AA
CCOC1O[C@H]([C@@H](COCc2ccccc2)OCc2ccccc2)[C@H](OCc2ccccc2)[C@H]1O,C05AX; C05CX,A07BA
C[C@H]1C[C@H]2[C@@H]3CCC4=CC(=O)C=C[C@]4(C)[C@H]3C(=O)C[C@]2(C)[C@@]1(O)C(=O)CO,H02AB,B01AA
C=CCC1(CC=C)C(=O)NC(=O)NC1=O,N05CA,J01AA
C[C@@H]1C[C@H]2[C@@H]3CCC4=CC(=O)C=C[C@]4(C)C3=CC[C@]2(C)[C@H]1C(=O)CN1CCN(c2cc(N3CCCC3)nc(N3CCCC3)n2)CC1,N07XX,A07AA
O=C(O)[C@H]1N=C(c2ccccc2)c2cc(Cl)ccc2NC1=O,N05BA,A07AE; A07AB; J04AX
OB1OCc2cc(F)ccc21,D01AE,J01CA; J01CR
CN1CCCC(CC2c3ccccc3Sc3ccccc32)C1,N04AA,J05AB; J05AH
CN1CCc2c(c3ccccc3n2Cc2ccccc2)C1,R06AX,L01BB; L01CC
Nc1cccc2c1CN([C@@H]1CCC(=O)NC1=O)C2=O,L04AX,L01BB
CC(C)NC(=O)COc1cccc(-c2nc(Nc3ccc4[nH]ncc4c3)c3ccccc3n2)c1,L04AA,C07AA; J05AF
CCCCCCCCCCCC[N+](CCO)(CCO)Cc1ccccc1,A01AB; D08AJ,D06AA
CCN1CCCC1CNC(=O)c1cc(S(=O)(=O)CC)ccc1OC,N05AL,D07AA; J05AX
O=C(Nc1c(Cl)cncc1Cl)c1ccc(OC(F)F)c(OCC2CC2)c1,D05AX; R03DX,J01AA
CC1=CC(=O)[C@H]2C[C@@H]1C2(C)C,R05CA,J01AA; J01BA; J01CR
COC(=O)Nc1nc2cc(C(=O)c3ccccc3)ccc2[nH]1,P02CA,A03AX
CC(CN1c2ccccc2Sc2ccc(S(=O)(=O)N(C)C)cc21)N(C)C,N02CX,J01CA; J05AH; L04AA
CCN(Cc1ccncc1)C(=O)[C@H](CO)c1ccccc1,S01FA,D07AC; D07XX
C[N+]1(C)[C@@H]2CC[C@H]1C[C@@H](OC(=O)C(O)c1ccccc1)C2,A03BB; A03CB,L01AA; L01AM
Clc1ccc(CO[C@@H](Cn2ccnc2)c2ccc(Cl)cc2Cl)c(Cl)c1,A01AB; A07AC; D01AC; G01AF; J02AB; S02AA,A10BA
NCCC[C@H](N)C(=O)O,A05BA,A10BC; A10BD
Cc1cccc(Nc2ccccc2C(=O)O)c1C,M01AG,J05AX; J05AF; L01EX
CC(C)NCC(O)COc1ccc(CC(N)=O)cc1,C07AB; C07BB; C07CB; C07DB; C07FB,D06AX
Nc1nc2nc[nH]c2c(=S)[nH]1,L01BB,A03AX
O=C(c1ccc(F)cc1)C1CCN(CCn2c(=O)[nH]c3ccccc3c2=O)CC1,C02KD,L01BB; L01BA
CCOC(=O)[C@H](CCc1ccccc1)N[C@@H](C)C(=O)N1[C@H](C(=O)O)C[C@H]2CCCC[C@@H]21,C09AA; C09BB,N07BA; N07CB
NC1=NC[C@@H]2c3ccccc3Cc3ccccc3N12,R06AX; S01GX,J01AA; J01BA; J05AX
Cc1cccc([C@H](C)c2c[nH]cn2)c1C,N05CM,L01XX; S01ED
C[C@H](C(=O)O)c1cccc(C(=O)c2ccccc2)c1,M01AE; M02AA; N02AJ,D01AD
CCC1C2CC3C4N(C)c5ccccc5C45CC(C2C5O)[N+]3(C)C1O,C01BA,L01BX; S01XA; S01XX
COc1cc2c(cc1OC)CC(=O)N(CCCN(C)C[C@H]1Cc3cc(OC)c(OC)cc31)CC2,C01EB; C07FX,A07AC; A07AB
NC(=O)c1cccc2cn(-c3ccc([C@@H]4CCCNC4)cc3)nc12,L01XK,A10AX
COc1cc2nc(N3CCN(C(=O)[C@@H]4CCCO4)CC3)nc(N)c2cc1OC,G04CA,A10BA; A10BB
CC(=O)N[C@@H]([C@@H](O)[C@H](O)[C@H](O)CO)[C@@H](O)CC(=O)C(=O)O,M09AX,J01AA; J01RA
COc1ccc(CCOC2CCCCC2N2CCC(O)C2)cc1OC,C01BG,A07AA; A07AB; A07AE; D06AX
CC(=O)OCC[N+](C)(C)C,S01EB,N02AX
C=C1c2c(Cl)ccc(O)c2C(=O)C2=C(O)[C@]3(O)C(=O)C(C(N)=O)=C(O)[C@@H](N(C)C)[C@@H]3[C@@H](O)[C@H]12,D10AF,J05AF; J05BA
CN[C@@H]1[C@@H](O)[C@@H](O[C@@H]2[C@@H](O)[C@H](O[C@H]3O[C@H](CN)[C@@H](O)[C@H](O)[C@H]3O)[C@@H](N)C[C@H]2NC(=O)[C@@H](O)CN)OC[C@]1(C)O,J01GB,G01AX; J01EA; J01EB; R01AB
CC(=O)CCCCn1c(=O)c2c(ncn2C)n(C)c1=O,C04AD; R03DA,A07AA; G01AF
CCN(CC)CCn1c(=O)c(Cc2ccc(OC)cc2)nc2ccccc21,A03AX,L01AA
CNC1(C)C2CCC(C2)C1(C)C,C02BB,J05AB
CCCCCCCCNC(C)C(O)c1ccc(SC(C)C)cc1,C04AX,D10AX
CN(CCN1CCC(OC(=O)Nc2ccccc2-c2ccccc2)CC1)C(=O)c1ccc(CN2CCC(C(N)=O)CC2)cc1,R03BB,J01CA
Cn1c(=O)c2c(ncn2C[C@@H](O)CO)n(C)c1=O,R03DA,C07AB
CN(C)CCCN1c2ccccc2Sc2ccc(C(F)(F)F)cc21,N05AA,A07CA
C#C[C@]1(O)CC[C@H]2[C@@H]3CCC4=Cc5oncc5C[C@]4(C)[C@H]3CC[C@@]21C,G03XA,D06AA; L01BA; L01BX
NC(=S)NS(=O)(=O)c1ccc(N)cc1,J01EB,J01MA
O=c1[nH]c2ccccc2n1CCCN1CCC(n2c(=O)[nH]c3cc(Cl)ccc32)CC1,A03FA,L01AB
CC#CCC(C)[C@H](O)/C=C/[C@@H]1[C@H]2C/C(=C/CCCC(=O)O)C[C@H]2C[C@H]1O,B01AC,J01CA; J05AX; J05CX
COc1ccnc(C[S+]([O-])c2nc3ccc(OC(F)F)cc3[nH]2)c1OC,A02BC; A02BD,C07FA
COc1cc(Cc2cnc(N)nc2N)cc(OC)c1OC,J01EA; J01EE; J04AM,J05AB; J05AF
CCc1cn([C@H]2C[C@H](O)[C@@H](CO)O2)c(=O)[nH]c1=O,D06BB,D01AD; D07AB
Nc1ccn(C2CSC(CO)O2)c(=O)n1,J05AF,M03AX; S01EA
COc1ccc2c3c1O[C@H]1[C@@H](O)C=C[C@H]4[C@@H](C2)N(C)CC[C@@]341,N02AA; N02AJ; R05DA,A10AX
COc1cc2c(cc1OC)C(=O)[C@@H](CC1CCN(Cc3ccccc3)CC1)C2,N06DA,A10BX
CN(Cc1cnc2nc(N)nc(N)c2n1)c1ccc(C(=O)N[C@@H](CCC(=O)O)C(=O)O)cc1,L01BA; L04AX,A10BA
COc1ccc(-c2ccc3cc(C(=O)O)ccc3c2)cc1C12CC3CC(CC(C3)C1)C2,D10AD,G01AF; J01AA; J05AX
CCOc1ncc(C)c2c1[C@H](c1ccc(C#N)cc1OC)C(C(N)=O)=C(C)N2,C03DA,G03AA
N#Cc1ccc(Oc2ccc3c(c2)COB3O)cc1,D11AH,A10BD; A10BX
Nc1ccc(S(=O)(=O)Nc2nccs2)cc1,D06BA; G01AE; J01EB,A04AX
CC(=O)OCC(CCn1cnc2cnc(N)nc21)COC(C)=O,J05AB; S01AD,A10BD
NC(=O)c1cnc2[nH]ccc2c1N[C@@H]1[C@@H]2CC3C[C@H]1C[C@@](O)(C3)C2,L04AA,G03AD; G03AH; J01FA
C=CCN1CC(C(=O)N(CCCN(C)C)C(=O)NCC)CC2c3cccc4[nH]cc(c34)CC21,N04BC,A10BX
CN1CCN(c2c(F)cc3c(=O)c(C(=O)O)cn4c3c2SCC4)CC1,J01MA,A03AB
c1ccc(C(CCN2CCCCC2)c2ccccc2)cc1,A03AX,L01CB
Cc1noc(NS(=O)(=O)c2ccc(N)cc2)c1C,G01AE; J01EB; S01AB,G03AX; G03FB; L01AA; S01BC
NCCC(O)(P(=O)(O)O)P(=O)(O)O,M05BA,A07FA
O=C1Nc2ccc(Cl)cc2C(c2ccccc2)=N[C@H]1O,N05BA,G01AE
CCCCNc1ccc(C(=O)OCCN(C)C)cc1,C05AD; D04AB; N01BA; S01HA,N07AX
Oc1ncnc2[nH]ncc12,M04AA,H01AA
NC(=O)c1ncn([C@@H]2O[C@H](CO)[C@@H](O)[C@H]2O)n1,J05AB; J05AP,M01AX
NCc1ccccc1CC(=O)N[C@@H]1C(=O)N2C(C(=O)O)=C(CSc3nnnn3CC(=O)O)CS[C@H]12,J01DC,J05AF; J05AE
CC(=O)N1C[C@H](O)C[C@H]1C(=O)O,D11AX; M01AX,C09AA; D07AC
C[C@]12C=CC(=O)C=C1[C@@H](F)C[C@H]1[C@@H]3C[C@@H](O)[C@](O)(C(=O)CO)[C@@]3(C)C[C@H](Cl)[C@@]12Cl,D07AC,A07AC
CC(C)N(CC[C@H](c1ccccc1)c1cc(CO)ccc1O)C(C)C,G04BD,A10AX
O=C(Nc1nc(-c2cc(Cl)cs2)c(N2CCN(C3CCCCC3)CC2)s1)c1cnc(N2CCC(C(=O)O)CC2)c(Cl)c1,B02BX,A07AA
CC(C)(Oc1ccc(Cl)cc1)C(=O)OCCCOC(=O)c1cccnc1,C10AB,A10BB; A10BX
CCCCCCc1ccc(O)cc1O,R02AA,L04AA
Cc1cc(OS(=O)(=O)O)c2ccccc2c1OS(=O)(=O)O,C05BX,D06AX; D06AA; D10AE
O=S(=O)(O)S,M01CB,J01CA
Cc1nc2cc(C(=O)N(C)C)cc(O[C@H]3CCOc4cc(F)cc(F)c43)c2[nH]1,A02BC,J05AX; J05AH
C[C@H](CCC(=O)O)[C@H]1CC[C@H]2[C@@H]3CC[C@@H]4C[C@H](O)CC[C@]4(C)[C@H]3C[C@H](O)[C@]12C,D11AX,A10BA; A10BD
C=CCC1(CC(C)C)C(=O)NC(=O)NC1=O,N05CB,J01AA; J05AH
C[C@@H]1CC[C@H]2[C@@H](C)C(=O)O[C@@H]3O[C@]4(C)CC[C@@H]1[C@]32OO4,P01BE,B01AE
CCCCCCCCCCCCCCCCCCN(CCO)CCCN(CCO)CCO,A01AA,A10BA; A10BB; S01AB
CC1=C(/C=C/C(C)=C/C=C/C(C)=C\\C(=O)O)C(C)(C)CCC1,D10AD; D10BA,A02BC; A07DA; A07DB; J01DB; R03AX
CC(C)(C)C(=O)OCCl,R05DA,A03BA; A03BB; A03BA; A03BB
CN(C)[C@@H]1C(O)=C(C(N)=O)C(=O)[C@@]2(O)C(O)=C3C(=O)c4c(O)c(NC(=O)CN5CCCC5)cc(F)c4C[C@H]3C[C@@H]12,J01AA,N07AX; S01XE
O=P(O)(O)OCC(Cl)(Cl)Cl,N05CM,G03BA; J04AA; J04AH
CC(C)(CO)c1cc2cc(NC(=O)C3(c4ccc5c(c4)OC(F)(F)O5)CC3)c(F)cc2n1C[C@@H](O)CO,R07AX,L01AE; L01AF; L01XX
CC(C)[C@](C#N)(C[C@H](C)N(C)C)c1ccccc1,R05DB,A10BB
COc1cccc2c1C(=O)c1c(O)c3c(c(O)c1C2=O)C[C@@](O)(/C(C)=N/NC(=O)c1ccccc1)C[C@@H]3O[C@H]1C[C@H](N)[C@H](O)[C@H](C)O1,L01DB,H02AA
CC(C)CC(CN)CC(=O)O,N03AX,J05AR
C/C=C(C(=C/C)/c1ccc(O)cc1)\\c1ccc(O)cc1,G03CB; G03CC,C01CA; D01AB; G01AE; S01EE
CN(C)C(=O)c1cc2cnc(Nc3ccc(N4CCNCC4)cn3)nc2n1C1CCCC1,L01EF,H01AX; R06AA; S01XA
CNC(=O)c1ccc(N2C(=S)N(c3cnc(C#N)c(C(F)(F)F)c3)C(=O)C23CCC3)cc1F,L02BB,J05BA
C/C(=C(/OCCOc1ccc(Cl)cc1)c1ccc(Cl)cc1Cl)n1ccnc1,D01AC; G01AF,B05AC; B05CB
Cc1cc(=O)oc2cc(O)ccc12,A05AX,A10AX; A10XD; J01FA
Cc1nc(C(=O)NCC(=O)O)c(O)c2ccc(Oc3ccccc3)cc12,B03XA,L04AF
CN(C)CCCN1c2ccccc2CCc2ccccc21,N06AA,A10AA; A10BD; A10BA; A10BB; A10BX; J01FA; J01FA
Cc1c(OCC(F)(F)F)ccnc1C[S+]([O-])c1nc2ccccc2[nH]1,A02BC; A02BD,A07ED
CC(C)(C)C(=O)OCOC(=O)[C@@H]1N2C(=O)[C@@H](/N=C/N3CCCCCC3)[C@H]2SC1(C)C,J01CA,G01AA
CCC[C@@H]1CC(=O)N([C@@H](CC)C(N)=O)C1,N03AX,D09AX
C[C@@H]1CCO[C@H]2Cn3cc(C(=O)NCc4ccc(F)cc4F)c(=O)c(O)c3C(=O)N12,J05AJ; J05AR; J05AX,D07AX; D07AA; G01AD; J01CA; S01EX
COc1cc2nccc(Oc3ccc(NC(=O)Nc4cc(C)on4)c(Cl)c3)c2cc1OC,L01EK,H01AD; M01CC
O=C1Nc2ccc(Cl)cc2[C@@](C#CC2CC2)(C(F)(F)F)O1,J05AG; J05AR,J05AB
CC(C)C(=O)O[C@H](C)OC(=O)NCC1(CC(=O)O)CCCCC1,N03AX,J05AB; S01BA
CCN(CC)CCOC(=O)c1ccc(N)cc1,C05AD; N01BA; S01HA,C01AD; C01AX
CCN(CC)CCC1(c2ccccc2)CCC(=O)NC1=O,N04AA,A01AB; S01AA; S01BA
CC(C)(C)CC(C)(C)c1ccc(OCCOCC[N+](C)(C)Cc2ccccc2)cc1,D08AJ; R02AA,D10AX
CN[C@@H]1[C@H](O[C@H]2[C@H](O[C@H]3[C@H](O)[C@@H](O)[C@H](NC(=N)N)[C@@H](O)[C@@H]3NC(=N)N)O[C@@H](C)[C@]2(O)C=O)O[C@@H](CO)[C@H](O)[C@H]1O,A07AA; J01GA; J04AM,L01AD
CCC(=O)O[C@](Cc1ccccc1)(c1ccccc1)[C@H](C)CN(C)C,N02AC,A10BX; A10BC; G01AE; R06AB; R06BA
CCCCCCCCCCCCCCCCOCCCOP(=O)(O)CO[C@H](CO)Cn1ccc(N)nc1=O,J05AB,A10BB
OC(CCN1CCCC1)(c1ccccc1)C1CCCCC1,N04AA,G01AA
NC(=O)N1c2ccccc2C[C@H](O)c2ccccc21,N03AF,M05AX; L01BB
COc1cc(N)c(Cl)cc1C(=O)NC1CCN(CCCOc2ccc(F)cc2)CC1OC,A03FA,L04AX
COc1cc(OC)c(C(=O)CCCN2CCCC2)c(OC)c1,C04AX,J01MA
CC(c1ncncc1F)C(O)(Cn1cncn1)c1ccc(F)cc1F,J02AC,A03AB; A10BG; J05AF; N02AX; N02BF; N07XX
CNC1(c2ccccc2Cl)CCCCC1=O,N01AX,L01BB
O=P(O)(O)OC(Cn1cncn1)(Cn1cncn1)c1ccc(F)cc1F,J02AC,A12AA; J01MA
COc1ccc(F)cc1C(=O)NCc1ccc(-c2nn([C@@H](C)C(F)(F)F)c(N)c2C(N)=O)cc1,L01EL,G01AB
CCOc1nc2cccc(C(=O)O[C@@H](C)OC(=O)OC3CCCCC3)c2n1Cc1ccc(-c2ccccc2-c2nnn[nH]2)cc1,C09CA,J05AF; N02AA
Clc1ccc(C(c2ccc(Cl)cc2)C(Cl)(Cl)Cl)cc1,P03AB,A07AA
N[C@@H](C(=O)N[C@@H]1C(=O)N2C(C(=O)O)=C(Cl)CS[C@H]12)c1ccccc1,J01DC,L01AX
O[B-]1(O)OO[B-](O)(O)OO1,A01AB,D11AX; S01ED
CCCCC[C@H](O)/C=C/[C@@H]1[C@@H](C/C=C\\CCCC(=O)O)[C@@H](O)C[C@H]1O,G02AD,C01EA; C07AB; L02AA; L02BA; R01AA; S01EX
O=C(O)Cc1ccccc1,A16AX,A02AA
CN1CCN(CC/C=C2/c3ccccc3Sc3ccc(S(=O)(=O)N(C)C)cc32)CC1,N05AF,N05AX; N05CX
CCC(C(=O)O)c1ccc(N2Cc3ccccc3C2=O)cc1,B01AC,C07AA; C07AB; C07AC; L03AA; S01ED
Cc1ccc2c(c1)C13CCCCC1C(C2)N(C)CC3,R05DA,M02AA
CC[C@H](C)[C@H](NC(=O)[C@H](CCC(=O)O)NC(=O)[C@H](CCC(=O)O)NC(=O)[C@H](Cc1ccccc1)NC(=O)[C@H](CC(=O)O)NC(=O)CNC(=O)[C@H](CC(N)=O)NC(=O)CNC(=O)CNC(=O)CNC(=O)CNC(=O)[C@@H]1CCCN1C(=O)[C@H](CCCNC(=N)N)NC(=O)[C@@H]1CCCN1C(=O)[C@H](N)Cc1ccccc1)C(=O)N1CCC[C@H]1C(=O)N[C@@H](CCC(=O)O)C(=O)N[C@@H](CCC(=O)O)C(=O)N[C@@H](Cc1ccc(O)cc1)C(=O)N[C@@H](CC(C)C)C(=O)O,B01AE,A10AX
FC(F)(F)c1cccc(C2=CCN(CCc3ccc4ccccc4c3)CC2)c1,N07XX,L01AM
Cc1cn(C2C=CC(CO)O2)c(=O)[nH]c1=O,J05AF,D07AX
O=[N+]([O-])OCCN(CCO[N+](=O)[O-])CCN(CCO[N+](=O)[O-])CCO[N+](=O)[O-],C01DA,A01AA
CC(C)=CC1C(C(=O)OCc2cccc(Oc3ccccc3)c2)C1(C)C,P03AC,L01AA
O=C1CCc2ccc(OCCCCN3CCN(c4cccc(Cl)c4Cl)CC3)cc2N1,N05AX,A07BA
CCCCN1C[C@H](O)[C@@H](O)[C@H](O)[C@H]1CO,A16AX,J05AB
Cc1c(Cl)cccc1Nc1ccccc1C(=O)O,M01AG,D07AB; D07AC; D07XX
CC(=O)O[C@H]1CC[C@@]2(C)C(=CC[C@@H]3[C@@H]2CC[C@]2(C)C(c4cccnc4)=CC[C@@H]32)C1,L02BX,L01AB
CCN1C(=O)N[C@H](c2ccccc2)C1=O,N03AB,A10BX; J05AB
COc1nc2ccc(Br)cc2cc1[C@@H](c1ccccc1)[C@@](O)(CCN(C)C)c1cccc2ccccc12,J04AK,D10AX; D10BA; S01XA; S01XX
CN(C)CCC[C@]1(c2ccc(F)cc2)OCc2cc(C#N)ccc21,N06AB,A07DA
CC[C@@H]1/C=C(\\C)C[C@H](C)C[C@H](OC)[C@H]2O[C@@](O)(C(=O)C(=O)N3CCCC[C@H]3C(=O)O[C@H](/C(C)=C/[C@@H]3CC[C@H](Cl)[C@H](OC)C3)[C@H](C)[C@@H](O)CC1=O)[C@H](C)C[C@@H]2OC,D11AH,A03BA; A03BX
NC[C@@H]1O[C@H](O[C@H]2[C@@H](O)[C@H](O[C@@H]3[C@@H](O)[C@H](N)C[C@H](N)[C@H]3O[C@H]3O[C@H](CN)[C@@H](O)[C@H](O)[C@H]3N)O[C@@H]2CO)[C@H](N)[C@@H](O)[C@@H]1O,D09AA; R01AX; S01AA,D07AA; D07AD
CC(=O)[C@H]1CC[C@H]2[C@@H]3CC[C@H]4C[C@](C)(O)CC[C@]4(C)[C@H]3CC[C@]12C,N03AX,A11AA; L01AE
S=C1SCN(Cc2ccccc2)CN1Cc1ccccc1,D01AE,J05AK
Cc1nc(-c2ccc(OCC(C)C)c(C#N)c2)sc1C(=O)O,M04AA,D09AA; S01EA
O=C(Nc1cccc2c(=O)cc(-c3nnn[nH]3)oc12)c1ccc(OCCCCc2ccccc2)cc1,R03DC,A11BA; C01DD; D01AA; S01EA; S01XA
COc1ccc2c(O[C@@H]3C[C@H]4C(=O)N[C@]5(C(=O)NS(=O)(=O)C6CC6)C[C@H]5/C=C\\CCCCN(C)C(=O)[C@@H]4C3)cc(-c3nc(C(C)C)cs3)nc2c1C,J05AP,A10AA; A10BB
C[N+]12CCC(CC1)[C@H](OC(=O)C(O)(c1ccccc1)c1ccccc1)C2,A03CA,J01FA
CN(C)[C@@H]1C(O)=C(C(N)=O)C(=O)[C@@]2(O)C(O)=C3C(=O)c4c(O)ccc(Cl)c4[C@@H](O)[C@H]3C[C@@H]12,D06AA; J01AA,L01EB
Cc1ccc(-n2nccn2)c(C(=O)N2CCN(c3nc4cc(Cl)ccc4o3)CC[C@H]2C)c1,N05CJ; N05CM,J01CA
CCCCC(=O)OCC(=O)[C@]1(O)Cc2c(O)c3c(c(O)c2[C@@H](O[C@H]2C[C@H](NC(=O)C(F)(F)F)[C@H](O)[C@H](C)O2)C1)C(=O)c1c(OC)cccc1C3=O,L01DB,L01AB
CC(CN1c2ccccc2Sc2ccccc21)[N+](C)(C)C,R06AD,A03AA; A03AA
CN(C)CCO[C@H](c1ccc(Cl)cc1)c1ccccn1,R06AA,J01CA; J04AA; J04AE
CCCC[N+]1(C)[C@@H]2C[C@@H](OC(=O)[C@H](CO)c3ccccc3)C[C@H]1[C@@H]1O[C@@H]12,A03BB; A03DB,L01BX
CC(Cc1ccccc1)NCCCCl,A08AA,C07AA; S01EE
C[N+]1(C)CC[C@@H](OC(=O)[C@](O)(c2ccccc2)C2CCCC2)C1,A03AB; R03BB,L01CA
C[C@H]1c2cccc(O)c2C(=O)C2=C(O)[C@]3(O)C(=O)C(C(=N)O)=C(O)[C@@H](N(C)C)[C@@H]3[C@@H](O)[C@@H]21,A01AB; J01AA,N05BB
CCOP(=O)(OCC)SCC[N+](C)(C)C,S01EB,A02AB; A07EB; A07FB
O=c1n(CCCN2CCN(c3cccc(Cl)c3)CC2)nc2ccccn12,N06AX,L02BB
CCOC(CN1CCN(CC(C)C(=O)c2ccccc2)CC1)c1ccccc1,R05CB,J01AA; J01CR
NC(=O)N/N=C1\\C=Cc2ccccc2C1=O,C05CX,J01FA
Cc1cc2cc3c(C)cc(=O)oc3c(C)c2o1,D05AD; D05BA,A07AB
CCCCCCCCC1=C(CCCCCCCC(=O)O)C1,A06AC,J05AF
CCOC(=O)C(C)(C)Oc1ccc(Cl)cc1,C10AB,A10BB
C=CC[C@@H]1/C=C(\\C)C[C@H](C)C[C@H](OC)[C@H]2O[C@@](O)(C(=O)C(=O)N3CCCC[C@H]3C(=O)O[C@H](/C(C)=C/[C@@H]3CC[C@@H](O)[C@H](OC)C3)[C@H](C)[C@@H](O)CC1=O)[C@H](C)C[C@@H]2OC,D11AH; L04AD,G03AE; G03BA
CC1=C(C(=O)O)N2C(=O)[C@@H](NC(=O)[C@H](N)c3ccccc3)[C@H]2SC1,J01DB,L01AA
CC1CN(C2CCC(C#N)(c3ccc(F)cc3)CC2)CCC1(C(=O)O)c1ccccc1,R01AC,A07CC
CN[C@@]1(C)[C@H]2CC[C@@H](C2)C1(C)C,C02BB,A10BF; A10BX; J01FA
CCC1(O)CC2CN(CCc3c([nH]c4ccccc34)C(C(=O)OC)(c3cc4c(cc3OC)N(C)C3C(O)(C(=O)OC)C(OC(C)=O)C5(CC)C=CCN6CCC43C65)C2)C1,L01CA,M03AB; R06AA
Nc1nc(=O)c2c(CCc3ccc(C(=O)NC(CCC(=O)O)C(=O)O)cc3)c[nH]c2[nH]1,L01BA,A10BD; A10BX
CN(C)[C@@H]1C(O)=C(C(N)=O)C(=O)[C@@]2(O)C(O)=C3C(=O)c4c(O)ccc(Cl)c4[C@@](C)(O)[C@H]3C[C@@H]12,A01AB; D06AA; J01AA; S01AA,B01AA
CCC1(C2=CCCCC2)C(=O)NC(=O)NC1=O,N05CA,A07FA; S01XA
C1CCC2(C1)[C@H]1CN(CC3CC3)C[C@@H]2CN(CC2CC2)C1,C01BD,N07AA; N07AB
CCCCC1=NC2(CCCC2)C(=O)N1Cc1ccc(-c2ccccc2-c2nn[nH]n2)cc1,C09CA; C09DA; C09DB; C09DX,R01AB
NC(=O)c1ncn([C@@H]2O[C@H](CO)[C@@H](O)[C@H]2O)c1N,C01EB,A10AA; A10AX
C=CCC1(C(C)CCC)C(=O)NC(=O)NC1=O,N05CA; N05CB,A11AX; J05AH; J05AP
C[N+]1(C)[C@H]2C[C@H](OC(=O)[C@H](CO)c3ccccc3)C[C@H]1[C@H]1O[C@H]12,A03BB; S01FA,L01AA; L02AA; L02BD
O=P(O)(O)C(Cl)(Cl)P(=O)(O)O,M05BA,G01AF; G01AX; L01BA
N=C(N)NCCC[C@H](N)C(=O)O,A05BA; B05XB,A07AA; S01EE; S01EX; S01XA
COc1ccc(CCNCC(O)COc2cccc(C)c2)cc1OC,C07AB,A10BD; J01CC
CN1C(=O)N(C)C2C1N(C)C(=O)N2C,N06BX,A10AA
CC(=C(CCOP(=O)(O)O)SC(=O)c1ccccc1)N(C=O)Cc1cnc(C)nc1N,A11DA,G01AB; G01AH; J01EB
Cc1cc(NS(=O)(=O)c2ccc(N)cc2)nc(C)n1,J01EB,M01AB
NS(=O)(=O)c1cc(Cl)c(Cl)c(S(N)(=O)=O)c1,G01AE; S01EC,A02AB; N05AX; N05CA
CN1CCC23c4c5ccc(OCCN6CCOCC6)c4OC2C(O)C=CC3C1C5,R05FA,L04AX; L04BB; L04BX
CO[C@@H]([C@@H]1OC(C(=O)O)=C[C@H](NC(=N)N)[C@H]1NC(C)=O)[C@H](O)CO,J05AH,B01AE
Cc1nccn1C[C@H]1CCc2c(c3ccccc3n2C)C1=O,A04AA,N05BC; N05XX
CCOc1cc(N)c([N+](=O)[O-])cc1C(=O)NC1CCN(CC2CC=CCC2)CC1,A03FA,L01AA
NCC1OC(OC2C(N)CC(N)C(OC3OC(CO)C(O)C(N)C3O)C2O)C(N)CC1O,J01GB,L01BC
OC[C@@H](O)[C@@H](O)[C@H](O)[C@@H](O)CO,A06AD; A06AG; B05CX,J05AX; J05AF
CO/N=C(\\C(=O)N[C@@H]1C(=O)N2C(C(=O)O)=C(/C=C\\c3scnc3C)CS[C@H]12)c1csc(N)n1,J01DD,L01AA
CC(C)(CCCCCC(O)CCCCCC(C)(C)C(=O)O)C(=O)O,C10AX; C10BA,A06AX
Cn1nnc2c(C(N)=O)ncn2c1=O,L01AX,J05AB; J05AC
Cc1cc2cc(Oc3ccnc(Nc4cccc(CS(=O)(=O)NCCN(C)C)c4)n3)ccc2[nH]1,L01EX,D08AA
C[C@]12C=CC(=O)C=C1C(Cl)=C[C@@H]1[C@@H]2[C@@H](O)C[C@@]2(C)[C@H]1CC[C@]2(O)C(=O)CO,H02AB,A08AB; A08AX; A10BG; R01AE; R03DA
C[C@]12CC[C@H]3[C@@H](CCC4=CC(=O)C=C[C@@]43C)[C@@H]1CC[C@@H]2OC1=CCCC1,A14AA,D07AF; J01FA
O=C1CN(/N=C/c2ccc([N+](=O)[O-])o2)C(=O)N1,J01XE,A03AB; J01DA; J04AD; J05AH; J05AK; J05AL; J05AF; N02CA; R06AA
CN[C@]1(C)[C@H]2CC[C@@H](C2)C1(C)C,C02BB,L04AA; L04AB
CCCCCCCCCCCCCCCC[n+]1ccccc1,A01AB; B05CA; D08AJ; D09AA; R02AA,G04BA; G04BB
Cl[C@H]1[C@H](Cl)[C@@H](Cl)[C@@H](Cl)[C@H](Cl)[C@H]1Cl,P03AB,C07BA; S01EE
CCN(CC)CC(=O)Oc1ccc(NC(C)=O)cc1,N02BE,C01CA; C05AA; J05AX
NC(CCC(=O)O)C(=O)O,N05CM,J01MA
O=C(Nc1ccc(OC(F)(F)Cl)cc1)c1cnc(N2CC[C@@H](O)C2)c(-c2cc[nH]n2)c1,L01EA,L01AA
CCOC(=O)C1N=C(c2ccccc2F)c2cc(Cl)ccc2NC1=O,N05BA,A10BA; S01EA
CCN(CC)C(=O)c1cccnc1,R07AB,R06AA; R06AB
CN1[C@@H]2CC[C@H]1C[C@@H](OC(=O)c1c[nH]c3ccccc13)C2,A04AA,D10BB
COc1ccc([C@@H](CN(C)C)C2(O)CCCCC2)cc1,N06AX,L01AX; L01FA
CCCCC1C(=O)N(c2ccccc2)N(c2ccc(O)cc2)C1=O,M01AA; M02AA; S01BC,J01AD
CCOc1ccccc1OCC1CNCCO1,N06AX,A10BA; A10BB
CC(C)c1nc(N(C)S(C)(=O)=O)nc(-c2ccc(F)cc2)c1C=CC(O)CC(O)CC(=O)O,C10AA,A10BB
Cc1nccn1C[C@H]1CCc2c(c3cccc4c3n2CCC4)C1=O,A03AE,C01CA
COc1cc2c(cc1OC)[C@@H]1CC(=O)[C@@H](CC(C)C)CN1CC2,N07XX,J05AF; J05AH
CN(C)CCC(c1ccc(Br)cc1)c1ccccn1,R01BA; R06AB,L01AB
CCCCC(=O)N(Cc1ccc(-c2ccccc2-c2nn[nH]n2)cc1)C(C(=O)O)C(C)C,C09CA,A10BD; A10BH
C/C(=C\\c1csc(C)n1)[C@@H]1C[C@@H]2O[C@]2(C)CCC[C@H](C)[C@H](O)[C@@H](C)C(=O)C(C)(C)[C@@H](O)CC(=O)N1,L01DC,A03AE
CNCC[C@H](Oc1cccc2ccccc12)c1cccs1,N06AX,A10BF
CC/C(=C(/CC)c1ccc(OP(=O)(O)O)cc1)c1ccc(OP(=O)(O)O)cc1,L02AA,J01EB
NCCCC[C@H](N[C@@H](CCc1ccccc1)C(=O)O)C(=O)N1CCC[C@H]1C(=O)O,C09AA; C09BA; C09BB; C10BX,L01AA
CC(=O)N[C@H](Cc1ccc2ccccc2c1)C(=O)N[C@H](Cc1ccc(Cl)cc1)C(=O)N[C@H](Cc1cccnc1)C(=O)N[C@@H](CO)C(=O)N(C)[C@@H](Cc1ccc(O)cc1)C(=O)N[C@H](CC(N)=O)C(=O)N[C@@H](CC(C)C)C(=O)N[C@@H](CCCCNC(C)C)C(=O)N1CCC[C@H]1C(=O)N[C@H](C)C(N)=O,L02BX,R06AX; R06AA
CC1(C)[C@@H](OC(=O)CCC(=O)O)CC[C@]2(C)[C@H]3C(=O)C=C4[C@@H]5C[C@@](C)(C(=O)O)CC[C@]5(C)CC[C@@]4(C)[C@]3(C)CC[C@@H]12,A02BX,H02AB; L01AA; S01XA; S01XX
C[n+]1ccc(C(=O)NCc2ccccc2)cc1,J05AX,A03FA
O=C(O)c1nn(Cc2ccc(Cl)cc2Cl)c2ccccc12,L01XX,A10BA
O=C(O)[C@H](O)[C@@H](O)C(=O)O,A06AD; A12BA,H01AA
CO[C@H]1/C=C/O[C@@]2(C)Oc3c(C)c(O)c4c(O)c(cc(O)c4c3C2=O)NC(=O)/C(C)=C\\C=C\\[C@H](C)[C@H](O)[C@@H](C)[C@@H](O)[C@@H](C)[C@H](OC(C)=O)[C@@H]1C,A07AA; D06AX; J04AB; S01AA; S02AA,R06AX; A02BB
NS(=O)(=O)c1cc2c(cc1Cl)NC(C(Cl)(Cl)Cl)NS2(=O)=O,C03AX,L01AA; L01AB; L01CD
O=C1Nc2ccc(Cl)cc2C(C#CC2CC2)(C(F)(F)F)O1,J05AG,A10BA
CC(=O)OCC(=O)C1(O)CCC2C3CCC4=CC(=O)CCC4(C)C3C(O)CC21C,A07EA,L01AA
N#CC(CCN1CCC(C(=O)O)(c2ccccc2)CC1)(c1ccccc1)c1ccccc1,A07DA,M01AB
FC(F)OC(F)C(F)(F)F,N01AB,A10BC
N#Cc1ccccc1OCC(O)CNCCNC(=O)Cc1ccc(O)cc1,C07AB,N05AH
O=c1[nH]c(=O)n([C@H]2C[C@H](O)[C@@H](CO)O2)cc1I,D06BB; J05AB; S01AD,A10BB
Nc1ccc(S(=O)(=O)Nc2ccnn2-c2ccccc2)cc1,G01AE; J01ED; S01AB,A10AX
CCOCCn1c(N2CCCN(C)CC2)nc2ccccc21,S01GX,J05AB
C[C@]12CC[C@@H]3c4ccc(O)cc4C[C@@H](CCCCCCCCC[S+]([O-])CCCC(F)(F)C(F)(F)F)[C@H]3[C@@H]1CC[C@@H]2O,L02BA,L01EB
O=C1CCC2(O)C3Cc4ccc(O)c5c4C2(CCN3CC2CC2)C1O5,N07BB,A02AX; A02BA; L01AX; L01BX; L01CX; L01FX; L01LX; L04AA; R06AB
Cc1ncc(CO)c(CO)c1O,A11HA; J04AC; J04AM; N05AL,A07CA
CCCC[C@H](CC)COC(=O)/C=C/c1ccc(OC)cc1,D02BA,D10AC; D10BA; D10BA; D10XC
O=c1oc2ccccc2c(O)c1C(CC(O)c1ccc(Cl)cc1)c1ccc(Cl)s1,B01AA,J01AA; J01RA
O=[Al]O,A02AB,J01MA
CCCCNC(=O)NS(=O)(=O)c1ccc(C)cc1,A10BB; G01AE,A10BA
CCCN[C@H](C)C(=O)Nc1ccccc1C,N01BB,L01AA
Cc1c(Cl)c(C)[n+]([O-])c(Cl)c1-c1noc(-c2cc(O)c(O)c([N+](=O)[O-])c2)n1,N04BX,L01AE
CC(C)[N+]1(C)C2CCC1CC(OC(=O)C(CO)c1ccccc1)C2,R01AB,M01AE
O=C(O)c1cc(/N=N/c2ccc(O)c(C(=O)O)c2)ccc1O,A07EC,A02AB; A02AX
Cc1cc2c(OCC(CNC(C)(C)C)OC(=O)c3ccccc3)cccc2[nH]1,C07AA,D06AX
C/N=C(\\NC)NCc1ccccc1,C02CC,A07CA; A07CC
Cn1nnc(-c2ccc(-c3ccc(N4C[C@H](CO)OC4=O)cc3F)cn2)n1,J01XX,R06AX
OCCN1CCN(CCC=C2c3ccccc3Sc3ccc(C(F)(F)F)cc32)CC1,N06CA,A02BC; L04AA
C=CCN1CCC23c4c5ccc(O)c4OC2C(=O)CCC3(O)C1C5,N02AA,A10BC
CCN(CC)CCOc1ccc2c(c1)C(=O)c1cc(OCCN(CC)CC)ccc1-2,J05AX,N07BA
CCC(=O)OC1CC(=O)OC(C)CC=CC=CC(OC(C)=O)C(C)CC(CC=O)C(OC2OC(C)C(OC3CC(C)(OC(C)=O)C(OC(=O)CC)C(C)O3)C(N(C)C)C2O)C1OC,J01FA,A06AB
CCCCC(=O)N(Cc1ccc(-c2ccccc2-c2nn[nH]n2)cc1)[C@H](C(=O)O)C(C)C,C09CA; C09DA; C09DB; C09DX; C10BX,J05AX; J05AB; R01DB
COc1cc(C(=O)NC2CCCNC2)cc(OC)c1OC,A02BX,D07AX; D10AA; D07CC; D10CC
O=C1c2ccc(Br)cc2C(=O)C1c1ccccc1,M04AB,A10AX
CN(C)/N=N/c1[nH]cnc1C(N)=O,L01AX,M01AB
COc1ccccc1N1CCN(CCCC(=O)c2ccc(F)cc2)CC1,N05AD,A10AX; A10BX
CCC(=O)N(c1ccccc1)C1(COC)CCN(CCn2nnn(CC)c2=O)CC1,N01AH,A10BC; A10BD; D01AC
COc1ccc(C2=CC(O)c3c(O)cc(OC4OC(COC5OC(C)C(O)C(O)C5O)C(O)C(O)C4O)cc3O2)cc1OCCO,C05CA,J05AF; J05AX; J01CF; J01CE; J01CR; J01CR1
CS(=O)(=O)c1ccc(C2=C(c3ccccc3)C(=O)OC2)cc1,M01AH,L01AA; L01CB; L01DX; L04AA; L05BA; L05BB
CC(C)C1(NC(=O)C2CC3c4cccc5[nH]cc(c45)CC3N(C)C2)OC2(O)C3CCCN3C(=O)C(Cc3ccccc3)N2C1=O,C04AE,A10BC
CS(=O)(=O)OC[C@H](O)[C@@H](O)COS(C)(=O)=O,L01AB,A07AA; A07AX
CN1CCCCC1CCN1c2ccccc2Sc2ccc([S+](C)[O-])cc21,N05AC,D06AX; S01GA
Nc1nc(CC(=O)Nc2ccc(CCNC[C@H](O)c3ccccc3)cc2)cs1,G04BD,D10AB; J05AA; J05AH
C[N+](C)(C)CCOP(=O)(O)OP(=O)([O-])OC[C@H]1O[C@@H](n2ccc(N)nc2=O)[C@H](O)[C@@H]1O,N06BX,A07AA; A07XX
CCCCNC(=N)NC(=N)N,A10BA,B05AA
Cc1nccn1C[C@@H]1CCc2c(c3ccccc3n2C)C1=O,A04AA,H02CC
COc1cc2c(cc1OC)[C@@H](Cc1cc(OC)c(OC)c(OC)c1)[N+](C)(CCCOC(=O)CC/C=C/CCC(=O)OCCC[N+]1(C)CCc3cc(OC)c(OC)cc3[C@H]1Cc1cc(OC)c(OC)c(OC)c1)CC2,M03AC,A10BD; A10BG
C[N+](C)(C)CCOP(=O)([O-])OP(=O)(O)OC[C@H]1O[C@@H](n2ccc(N)nc2=O)[C@H](O)[C@@H]1O,N06BX,L01AB
Cc1cc(C(=O)NCCc2ccc(S(=O)(=O)NC(=O)NN3CCCCCC3)cc2)no1,A10BB,A10AA; A10BA; D07AC; D10BC; G01AB; J01EB; J01EB; J04BD
CN(C)C(=O)O,P03BX,A11AE; A11BA; N02AA; N05AX; S01EA; S01EX
CCCCCCCCCCCCCCCC(=O)OC[C@H](COP(=O)(O)OCCNC(=O)[C@H](C)NC(=O)CC[C@@H](NC(=O)[C@H](C)NC(=O)[C@@H](C)O[C@H]1[C@H](O)[C@@H](CO)OC(O)[C@@H]1NC(C)=O)C(N)=O)OC(=O)CCCCCCCCCCCCCCC,L03AX,A10BB; A10BX; A11AA; G01AD; J05AA; R06AX; S01EB; S01EX; S01FA; S01FX; S01GC; S01JB; S01JG
C[C@H]1CO[C@@H]2Cn3cc(C(=O)NCc4ccc(F)cc4F)c(=O)c(O)c3C(=O)N12,J05AJ,J05AF
CCN(Cc1ccncc1)C(=O)C(CO)c1ccccc1,S01FA,A12AX; A12BB
CC(CC(C#N)(c1ccccc1)C(C)C)N(C)C,R05DB,A02BC
CO/N=C(\\C(=O)N[C@@H]1C(=O)N2C(C(=O)O)=C(COC(N)=O)CS[C@H]12)c1ccco1,J01DC; J01RA; S01AA,H01AA; L01AA
O=C(OOC(=O)c1ccccc1)c1ccccc1,D10AE,A07AA
CCC[C@@](C)(COC(N)=O)COC(=O)NC(C)C,M03BA,L01AA; L01AE
CCc1cccc2c3c([nH]c12)C(CC)(CC(=O)O)OCC3,M01AB,A10AB
COc1ccc2nc([S+]([O-])Cc3ncc(C)c(OC)c3C)[nH]c2c1,A02BC; A02BD,J05AH; J05BA
COc1ccc(C(=O)NCc2ccc(OCCN(C)C)cc2)cc1OC,A03FA,A10BB
C[C@]12CC[C@H]3[C@@H](CCC4=CC(=O)CC[C@@]43C)[C@@H]1CC[C@@H]2O,G03BA; G03EA,N05AX; N05AF
Cc1cc(C(C)(C)C)c(O)c(C)c1CC1=NCCN1,D11AX; R01AA; R01AB; S01GA,A04AA; N07AE; N07AX; J01CR; R03CC
CC(/C=N/NC(=N)N)=N\\NC(=N)N,L01XX,A10AD
CCC(=O)O[C@]1(C(=O)CO)CC[C@H]2[C@@H]3CCC4=CC(=O)CC[C@]4(C)[C@H]3CC[C@@]21C,D10AX,L01AB
CSc1ccc(OCc2ncc([N+](=O)[O-])n2C)cc1,P01CA,D06AX; S01EC
COc1ccc(C2(c3ccc(OC)cc3)NC(=O)N(CCN3CCCCC3)C2=O)cc1,A03AX,R06AX; S01BC; S01EA; S01EA
OC[C@@H](O)CN1CCN(c2ccccc2)CC1,R05DB,J05AA
Nc1nc(NC2CC2)c2ncn([C@H]3C=C[C@@H](CO)C3)c2n1,J05AF; J05AR,J01FA; R06AB
C[C@@](O)(CS(=O)(=O)c1ccc(F)cc1)C(=O)Nc1ccc(C#N)c(C(F)(F)F)c1,L02BB,A01AA
CCn1cc(C(=O)O)c(=O)c2cc(F)c(N3CCNCC3)nc21,J01MA,D07AE; G01CA; N05AF; N05AB
CC(=O)N[C@@H](CC(=O)N[C@@H](CCC(=O)O)C(=O)O)C(=O)O,R01AC; S01GX,G01AB; R06AA
C[C@@H]1C[C@@H](OC(=O)c2cccnc2)CC(C)(C)C1,C04AC,H05AF; H05AR
CN(C)CC[C@@H](c1ccc(Cl)cc1)c1ccccn1,R06AB,L01AB; J05AB
